"","cohort","exposure","parent","time","dose","max_exposed","max","percent_exposed","exposure_dose","value","parent_time"
"1","ALSPAC","Smoking: active","mother","early onset","any",150,11472,1,"Smoking: active (any)","150/11472 (1%)","mother: early onset"
"2","ALSPAC","Smoking: active","partner","early onset","any",300,9336,3,"Smoking: active (any)","300/9336 (3%)","partner: early onset"
"3","ALSPAC","Smoking: active","mother","ever in life","any",5754,11546,50,"Smoking: active (any)","5754/11546 (50%)","mother: ever in life"
"4","ALSPAC","Smoking: active","partner","ever in life","any",4809,8845,54,"Smoking: active (any)","4809/8845 (54%)","partner: ever in life"
"5","ALSPAC","Smoking: active","mother","ever in pregnancy","any",3042,10896,28,"Smoking: active (any)","3042/10896 (28%)","mother: ever in pregnancy"
"6","ALSPAC","Smoking: active","partner","ever in pregnancy","any",3438,7457,46,"Smoking: active (any)","3438/7457 (46%)","partner: ever in pregnancy"
"7","ALSPAC","Smoking: active","mother","first trimester","any",2710,11573,23,"Smoking: active (any)","2710/11573 (23%)","mother: first trimester"
"8","ALSPAC","Smoking: active","partner","first trimester","any",-Inf,-Inf,NA,"Smoking: active (any)","-Inf/-Inf (NaN%)","partner: first trimester"
"9","ALSPAC","Smoking: active","mother","first two postnatal years","any",2818,10872,26,"Smoking: active (any)","2818/10872 (26%)","mother: first two postnatal years"
"10","ALSPAC","Smoking: active","partner","first two postnatal years","any",2138,7445,29,"Smoking: active (any)","2138/7445 (29%)","partner: first two postnatal years"
"11","ALSPAC","Smoking: active","mother","preconception","any",3761,11618,32,"Smoking: active (any)","3761/11618 (32%)","mother: preconception"
"12","ALSPAC","Smoking: active","partner","preconception","any",4186,11231,37,"Smoking: active (any)","4186/11231 (37%)","partner: preconception"
"13","ALSPAC","Smoking: active","mother","second trimester","any",1903,10558,18,"Smoking: active (any)","1903/10558 (18%)","mother: second trimester"
"14","ALSPAC","Smoking: active","partner","second trimester","any",2469,7835,32,"Smoking: active (any)","2469/7835 (32%)","partner: second trimester"
"15","ALSPAC","Smoking: active","mother","third trimester","any",2413,11712,21,"Smoking: active (any)","2413/11712 (21%)","mother: third trimester"
"16","ALSPAC","Smoking: active","partner","third trimester","any",2124,7863,27,"Smoking: active (any)","2124/7863 (27%)","partner: third trimester"
"17","ALSPAC","Smoking: active","mother","first trimester","heavy",409,11573,4,"Smoking: active (heavy)","409/11573 (4%)","mother: first trimester"
"18","ALSPAC","Smoking: active","partner","first trimester","heavy",-Inf,-Inf,NA,"Smoking: active (heavy)","-Inf/-Inf (NaN%)","partner: first trimester"
"19","ALSPAC","Smoking: active","mother","first two postnatal years","heavy",701,10872,6,"Smoking: active (heavy)","701/10872 (6%)","mother: first two postnatal years"
"20","ALSPAC","Smoking: active","partner","first two postnatal years","heavy",761,7445,10,"Smoking: active (heavy)","761/7445 (10%)","partner: first two postnatal years"
"21","ALSPAC","Smoking: active","mother","preconception","heavy",1080,11522,9,"Smoking: active (heavy)","1080/11522 (9%)","mother: preconception"
"22","ALSPAC","Smoking: active","partner","preconception","heavy",1472,11123,13,"Smoking: active (heavy)","1472/11123 (13%)","partner: preconception"
"23","ALSPAC","Smoking: active","mother","second trimester","heavy",264,10558,3,"Smoking: active (heavy)","264/10558 (3%)","mother: second trimester"
"24","ALSPAC","Smoking: active","partner","second trimester","heavy",800,7835,10,"Smoking: active (heavy)","800/7835 (10%)","partner: second trimester"
"25","ALSPAC","Smoking: active","mother","third trimester","heavy",400,11712,3,"Smoking: active (heavy)","400/11712 (3%)","mother: third trimester"
"26","ALSPAC","Smoking: active","partner","third trimester","heavy",758,7863,10,"Smoking: active (heavy)","758/7863 (10%)","partner: third trimester"
"27","ALSPAC","Smoking: active","mother","first trimester","light",1212,11573,10,"Smoking: active (light)","1212/11573 (10%)","mother: first trimester"
"28","ALSPAC","Smoking: active","partner","first trimester","light",-Inf,-Inf,NA,"Smoking: active (light)","-Inf/-Inf (NaN%)","partner: first trimester"
"29","ALSPAC","Smoking: active","mother","first two postnatal years","light",887,10872,8,"Smoking: active (light)","887/10872 (8%)","mother: first two postnatal years"
"30","ALSPAC","Smoking: active","partner","first two postnatal years","light",515,7445,7,"Smoking: active (light)","515/7445 (7%)","partner: first two postnatal years"
"31","ALSPAC","Smoking: active","mother","preconception","light",981,11522,9,"Smoking: active (light)","981/11522 (9%)","mother: preconception"
"32","ALSPAC","Smoking: active","partner","preconception","light",1104,11123,10,"Smoking: active (light)","1104/11123 (10%)","partner: preconception"
"33","ALSPAC","Smoking: active","mother","second trimester","light",868,10558,8,"Smoking: active (light)","868/10558 (8%)","mother: second trimester"
"34","ALSPAC","Smoking: active","partner","second trimester","light",710,7835,9,"Smoking: active (light)","710/7835 (9%)","partner: second trimester"
"35","ALSPAC","Smoking: active","mother","third trimester","light",1017,11712,9,"Smoking: active (light)","1017/11712 (9%)","mother: third trimester"
"36","ALSPAC","Smoking: active","partner","third trimester","light",438,7863,6,"Smoking: active (light)","438/7863 (6%)","partner: third trimester"
"37","ALSPAC","Smoking: active","mother","first trimester","moderate",1089,11573,9,"Smoking: active (moderate)","1089/11573 (9%)","mother: first trimester"
"38","ALSPAC","Smoking: active","partner","first trimester","moderate",-Inf,-Inf,NA,"Smoking: active (moderate)","-Inf/-Inf (NaN%)","partner: first trimester"
"39","ALSPAC","Smoking: active","mother","first two postnatal years","moderate",1230,10872,11,"Smoking: active (moderate)","1230/10872 (11%)","mother: first two postnatal years"
"40","ALSPAC","Smoking: active","partner","first two postnatal years","moderate",862,7445,12,"Smoking: active (moderate)","862/7445 (12%)","partner: first two postnatal years"
"41","ALSPAC","Smoking: active","mother","preconception","moderate",1604,11522,14,"Smoking: active (moderate)","1604/11522 (14%)","mother: preconception"
"42","ALSPAC","Smoking: active","partner","preconception","moderate",1502,11123,14,"Smoking: active (moderate)","1502/11123 (14%)","partner: preconception"
"43","ALSPAC","Smoking: active","mother","second trimester","moderate",771,10558,7,"Smoking: active (moderate)","771/10558 (7%)","mother: second trimester"
"44","ALSPAC","Smoking: active","partner","second trimester","moderate",959,7835,12,"Smoking: active (moderate)","959/7835 (12%)","partner: second trimester"
"45","ALSPAC","Smoking: active","mother","third trimester","moderate",996,11712,9,"Smoking: active (moderate)","996/11712 (9%)","mother: third trimester"
"46","ALSPAC","Smoking: active","partner","third trimester","moderate",928,7863,12,"Smoking: active (moderate)","928/7863 (12%)","partner: third trimester"
"47","ALSPAC","Alcohol: any","mother","ever in pregnancy","any",8110,11166,73,"Alcohol: any (any)","8110/11166 (73%)","mother: ever in pregnancy"
"48","ALSPAC","Alcohol: any","partner","ever in pregnancy","any",10851,11305,96,"Alcohol: any (any)","10851/11305 (96%)","partner: ever in pregnancy"
"49","ALSPAC","Alcohol: any","mother","first trimester","any",6342,11521,55,"Alcohol: any (any)","6342/11521 (55%)","mother: first trimester"
"50","ALSPAC","Alcohol: any","mother","first two postnatal years","any",10035,11337,89,"Alcohol: any (any)","10035/11337 (89%)","mother: first two postnatal years"
"51","ALSPAC","Alcohol: any","partner","first two postnatal years","any",8183,8603,95,"Alcohol: any (any)","8183/8603 (95%)","partner: first two postnatal years"
"52","ALSPAC","Alcohol: any","mother","preconception","any",10662,11549,92,"Alcohol: any (any)","10662/11549 (92%)","mother: preconception"
"53","ALSPAC","Alcohol: any","partner","preconception","any",8547,8861,96,"Alcohol: any (any)","8547/8861 (96%)","partner: preconception"
"54","ALSPAC","Alcohol: any","mother","second trimester","any",5697,11307,50,"Alcohol: any (any)","5697/11307 (50%)","mother: second trimester"
"55","ALSPAC","Alcohol: any","partner","second trimester","any",8336,8745,95,"Alcohol: any (any)","8336/8745 (95%)","partner: second trimester"
"56","ALSPAC","Alcohol: any","mother","third trimester","any",5577,10843,51,"Alcohol: any (any)","5577/10843 (51%)","mother: third trimester"
"57","ALSPAC","Alcohol: any","partner","third trimester","any",7121,7818,91,"Alcohol: any (any)","7121/7818 (91%)","partner: third trimester"
"58","ALSPAC","Alcohol: any","mother","first trimester","heavy",206,11521,2,"Alcohol: any (heavy)","206/11521 (2%)","mother: first trimester"
"59","ALSPAC","Alcohol: any","mother","first two postnatal years","heavy",1215,11337,11,"Alcohol: any (heavy)","1215/11337 (11%)","mother: first two postnatal years"
"60","ALSPAC","Alcohol: any","partner","first two postnatal years","heavy",2142,8603,25,"Alcohol: any (heavy)","2142/8603 (25%)","partner: first two postnatal years"
"61","ALSPAC","Alcohol: any","mother","preconception","heavy",1308,11549,11,"Alcohol: any (heavy)","1308/11549 (11%)","mother: preconception"
"62","ALSPAC","Alcohol: any","partner","preconception","heavy",2056,8861,23,"Alcohol: any (heavy)","2056/8861 (23%)","partner: preconception"
"63","ALSPAC","Alcohol: any","mother","second trimester","heavy",152,11307,1,"Alcohol: any (heavy)","152/11307 (1%)","mother: second trimester"
"64","ALSPAC","Alcohol: any","partner","second trimester","heavy",1773,8745,20,"Alcohol: any (heavy)","1773/8745 (20%)","partner: second trimester"
"65","ALSPAC","Alcohol: any","mother","third trimester","heavy",195,10843,2,"Alcohol: any (heavy)","195/10843 (2%)","mother: third trimester"
"66","ALSPAC","Alcohol: any","partner","third trimester","heavy",1419,7818,18,"Alcohol: any (heavy)","1419/7818 (18%)","partner: third trimester"
"67","ALSPAC","Alcohol: any","mother","first trimester","light",4525,11521,39,"Alcohol: any (light)","4525/11521 (39%)","mother: first trimester"
"68","ALSPAC","Alcohol: any","mother","first two postnatal years","light",4740,11337,42,"Alcohol: any (light)","4740/11337 (42%)","mother: first two postnatal years"
"69","ALSPAC","Alcohol: any","partner","first two postnatal years","light",2038,8603,24,"Alcohol: any (light)","2038/8603 (24%)","partner: first two postnatal years"
"70","ALSPAC","Alcohol: any","mother","preconception","light",4362,11549,38,"Alcohol: any (light)","4362/11549 (38%)","mother: preconception"
"71","ALSPAC","Alcohol: any","partner","preconception","light",1859,8861,21,"Alcohol: any (light)","1859/8861 (21%)","partner: preconception"
"72","ALSPAC","Alcohol: any","mother","second trimester","light",3974,11307,35,"Alcohol: any (light)","3974/11307 (35%)","mother: second trimester"
"73","ALSPAC","Alcohol: any","partner","second trimester","light",2092,8745,24,"Alcohol: any (light)","2092/8745 (24%)","partner: second trimester"
"74","ALSPAC","Alcohol: any","mother","third trimester","light",3718,10843,34,"Alcohol: any (light)","3718/10843 (34%)","mother: third trimester"
"75","ALSPAC","Alcohol: any","partner","third trimester","light",2042,7818,26,"Alcohol: any (light)","2042/7818 (26%)","partner: third trimester"
"76","ALSPAC","Alcohol: any","mother","first trimester","moderate",1611,11521,14,"Alcohol: any (moderate)","1611/11521 (14%)","mother: first trimester"
"77","ALSPAC","Alcohol: any","mother","first two postnatal years","moderate",4080,11337,36,"Alcohol: any (moderate)","4080/11337 (36%)","mother: first two postnatal years"
"78","ALSPAC","Alcohol: any","partner","first two postnatal years","moderate",4003,8603,47,"Alcohol: any (moderate)","4003/8603 (47%)","partner: first two postnatal years"
"79","ALSPAC","Alcohol: any","mother","preconception","moderate",4992,11549,43,"Alcohol: any (moderate)","4992/11549 (43%)","mother: preconception"
"80","ALSPAC","Alcohol: any","partner","preconception","moderate",4632,8861,52,"Alcohol: any (moderate)","4632/8861 (52%)","partner: preconception"
"81","ALSPAC","Alcohol: any","mother","second trimester","moderate",1571,11307,14,"Alcohol: any (moderate)","1571/11307 (14%)","mother: second trimester"
"82","ALSPAC","Alcohol: any","partner","second trimester","moderate",4471,8745,51,"Alcohol: any (moderate)","4471/8745 (51%)","partner: second trimester"
"83","ALSPAC","Alcohol: any","mother","third trimester","moderate",1664,10843,15,"Alcohol: any (moderate)","1664/10843 (15%)","mother: third trimester"
"84","ALSPAC","Alcohol: any","partner","third trimester","moderate",3660,7818,47,"Alcohol: any (moderate)","3660/7818 (47%)","partner: third trimester"
"85","ALSPAC","Caffeine: any source","mother","ever in pregnancy","any",11445,11841,97,"Caffeine: any source (any)","11445/11841 (97%)","mother: ever in pregnancy"
"86","ALSPAC","Caffeine: any source","partner","ever in pregnancy","any",8309,8600,97,"Caffeine: any source (any)","8309/8600 (97%)","partner: ever in pregnancy"
"87","ALSPAC","Caffeine: any source","mother","first trimester","any",3197,3533,90,"Caffeine: any source (any)","3197/3533 (90%)","mother: first trimester"
"88","ALSPAC","Caffeine: any source","mother","first two postnatal years","any",7303,7904,92,"Caffeine: any source (any)","7303/7904 (92%)","mother: first two postnatal years"
"89","ALSPAC","Caffeine: any source","mother","preconception","any",-Inf,-Inf,NA,"Caffeine: any source (any)","-Inf/-Inf (NaN%)","mother: preconception"
"90","ALSPAC","Caffeine: any source","mother","second trimester","any",10699,11583,92,"Caffeine: any source (any)","10699/11583 (92%)","mother: second trimester"
"91","ALSPAC","Caffeine: any source","partner","second trimester","any",8309,8600,97,"Caffeine: any source (any)","8309/8600 (97%)","partner: second trimester"
"92","ALSPAC","Caffeine: any source","mother","third trimester","any",10843,11556,94,"Caffeine: any source (any)","10843/11556 (94%)","mother: third trimester"
"93","ALSPAC","Caffeine: any source","mother","first trimester","heavy",92,3533,3,"Caffeine: any source (heavy)","92/3533 (3%)","mother: first trimester"
"94","ALSPAC","Caffeine: any source","mother","first two postnatal years","heavy",310,7904,4,"Caffeine: any source (heavy)","310/7904 (4%)","mother: first two postnatal years"
"95","ALSPAC","Caffeine: any source","mother","preconception","heavy",-Inf,-Inf,NA,"Caffeine: any source (heavy)","-Inf/-Inf (NaN%)","mother: preconception"
"96","ALSPAC","Caffeine: any source","mother","second trimester","heavy",351,11583,3,"Caffeine: any source (heavy)","351/11583 (3%)","mother: second trimester"
"97","ALSPAC","Caffeine: any source","partner","second trimester","heavy",912,8600,11,"Caffeine: any source (heavy)","912/8600 (11%)","partner: second trimester"
"98","ALSPAC","Caffeine: any source","mother","third trimester","heavy",340,11556,3,"Caffeine: any source (heavy)","340/11556 (3%)","mother: third trimester"
"99","ALSPAC","Caffeine: any source","mother","first trimester","light",2384,3533,67,"Caffeine: any source (light)","2384/3533 (67%)","mother: first trimester"
"100","ALSPAC","Caffeine: any source","mother","first two postnatal years","light",4951,7904,63,"Caffeine: any source (light)","4951/7904 (63%)","mother: first two postnatal years"
"101","ALSPAC","Caffeine: any source","mother","preconception","light",-Inf,-Inf,NA,"Caffeine: any source (light)","-Inf/-Inf (NaN%)","mother: preconception"
"102","ALSPAC","Caffeine: any source","mother","second trimester","light",7525,11583,65,"Caffeine: any source (light)","7525/11583 (65%)","mother: second trimester"
"103","ALSPAC","Caffeine: any source","partner","second trimester","light",3837,8600,45,"Caffeine: any source (light)","3837/8600 (45%)","partner: second trimester"
"104","ALSPAC","Caffeine: any source","mother","third trimester","light",7579,11556,66,"Caffeine: any source (light)","7579/11556 (66%)","mother: third trimester"
"105","ALSPAC","Caffeine: any source","mother","first trimester","moderate",721,3533,20,"Caffeine: any source (moderate)","721/3533 (20%)","mother: first trimester"
"106","ALSPAC","Caffeine: any source","mother","first two postnatal years","moderate",2042,7904,26,"Caffeine: any source (moderate)","2042/7904 (26%)","mother: first two postnatal years"
"107","ALSPAC","Caffeine: any source","mother","preconception","moderate",-Inf,-Inf,NA,"Caffeine: any source (moderate)","-Inf/-Inf (NaN%)","mother: preconception"
"108","ALSPAC","Caffeine: any source","mother","second trimester","moderate",2823,11583,24,"Caffeine: any source (moderate)","2823/11583 (24%)","mother: second trimester"
"109","ALSPAC","Caffeine: any source","partner","second trimester","moderate",3560,8600,41,"Caffeine: any source (moderate)","3560/8600 (41%)","partner: second trimester"
"110","ALSPAC","Caffeine: any source","mother","third trimester","moderate",2924,11556,25,"Caffeine: any source (moderate)","2924/11556 (25%)","mother: third trimester"
"111","ALSPAC","Smoking: passive","mother","ever in pregnancy","any",6169,10027,62,"Smoking: passive (any)","6169/10027 (62%)","mother: ever in pregnancy"
"112","ALSPAC","Alcohol: binge","mother","ever in pregnancy","any",2609,8724,30,"Alcohol: binge (any)","2609/8724 (30%)","mother: ever in pregnancy"
"113","ALSPAC","Alcohol: binge","partner","ever in pregnancy","any",7220,8821,82,"Alcohol: binge (any)","7220/8821 (82%)","partner: ever in pregnancy"
"114","ALSPAC","Alcohol: binge","mother","first trimester","any",1930,11485,17,"Alcohol: binge (any)","1930/11485 (17%)","mother: first trimester"
"115","ALSPAC","Alcohol: binge","mother","preconception","any",-Inf,-Inf,NA,"Alcohol: binge (any)","-Inf/-Inf (NaN%)","mother: preconception"
"116","ALSPAC","Alcohol: binge","partner","preconception","any",-Inf,-Inf,NA,"Alcohol: binge (any)","-Inf/-Inf (NaN%)","partner: preconception"
"117","ALSPAC","Alcohol: binge","mother","second trimester","any",-Inf,-Inf,NA,"Alcohol: binge (any)","-Inf/-Inf (NaN%)","mother: second trimester"
"118","ALSPAC","Alcohol: binge","partner","second trimester","any",-Inf,-Inf,NA,"Alcohol: binge (any)","-Inf/-Inf (NaN%)","partner: second trimester"
"119","ALSPAC","Alcohol: binge","mother","third trimester","any",1463,8298,18,"Alcohol: binge (any)","1463/8298 (18%)","mother: third trimester"
"120","ALSPAC","Low SEP: education","mother","at study recruitment","any",2305,11814,20,"Low SEP: education (any)","2305/11814 (20%)","mother: at study recruitment"
"121","ALSPAC","Low SEP: education","partner","at study recruitment","any",2732,11181,24,"Low SEP: education (any)","2732/11181 (24%)","partner: at study recruitment"
"122","ALSPAC","Low SEP: occupation","mother","at study recruitment","any",1166,9643,12,"Low SEP: occupation (any)","1166/9643 (12%)","mother: at study recruitment"
"123","ALSPAC","Low SEP: occupation","partner","at study recruitment","any",1336,10482,13,"Low SEP: occupation (any)","1336/10482 (13%)","partner: at study recruitment"
"124","BIB","Smoking: active","mother","early onset","any",211,3248,6,"Smoking: active (any)","211/3248 (6%)","mother: early onset"
"125","BIB","Smoking: active","partner","early onset","any",-Inf,-Inf,NA,"Smoking: active (any)","-Inf/-Inf (NaN%)","partner: early onset"
"126","BIB","Smoking: active","mother","ever in life","any",3303,10868,30,"Smoking: active (any)","3303/10868 (30%)","mother: ever in life"
"127","BIB","Smoking: active","partner","ever in life","any",-Inf,-Inf,NA,"Smoking: active (any)","-Inf/-Inf (NaN%)","partner: ever in life"
"128","BIB","Smoking: active","mother","ever in pregnancy","any",1785,10868,16,"Smoking: active (any)","1785/10868 (16%)","mother: ever in pregnancy"
"129","BIB","Smoking: active","partner","ever in pregnancy","any",1009,3149,32,"Smoking: active (any)","1009/3149 (32%)","partner: ever in pregnancy"
"130","BIB","Smoking: active","mother","first trimester","any",1695,10383,16,"Smoking: active (any)","1695/10383 (16%)","mother: first trimester"
"131","BIB","Smoking: active","partner","first trimester","any",-Inf,-Inf,NA,"Smoking: active (any)","-Inf/-Inf (NaN%)","partner: first trimester"
"132","BIB","Smoking: active","mother","first two postnatal years","any",-Inf,-Inf,NA,"Smoking: active (any)","-Inf/-Inf (NaN%)","mother: first two postnatal years"
"133","BIB","Smoking: active","partner","first two postnatal years","any",-Inf,-Inf,NA,"Smoking: active (any)","-Inf/-Inf (NaN%)","partner: first two postnatal years"
"134","BIB","Smoking: active","mother","preconception","any",2164,10447,21,"Smoking: active (any)","2164/10447 (21%)","mother: preconception"
"135","BIB","Smoking: active","partner","preconception","any",-Inf,-Inf,NA,"Smoking: active (any)","-Inf/-Inf (NaN%)","partner: preconception"
"136","BIB","Smoking: active","mother","second trimester","any",1468,10363,14,"Smoking: active (any)","1468/10363 (14%)","mother: second trimester"
"137","BIB","Smoking: active","partner","second trimester","any",-Inf,-Inf,NA,"Smoking: active (any)","-Inf/-Inf (NaN%)","partner: second trimester"
"138","BIB","Smoking: active","mother","third trimester","any",1468,10363,14,"Smoking: active (any)","1468/10363 (14%)","mother: third trimester"
"139","BIB","Smoking: active","partner","third trimester","any",1009,3149,32,"Smoking: active (any)","1009/3149 (32%)","partner: third trimester"
"140","BIB","Smoking: active","mother","first trimester","heavy",59,10383,1,"Smoking: active (heavy)","59/10383 (1%)","mother: first trimester"
"141","BIB","Smoking: active","partner","first trimester","heavy",-Inf,-Inf,NA,"Smoking: active (heavy)","-Inf/-Inf (NaN%)","partner: first trimester"
"142","BIB","Smoking: active","mother","first two postnatal years","heavy",-Inf,-Inf,NA,"Smoking: active (heavy)","-Inf/-Inf (NaN%)","mother: first two postnatal years"
"143","BIB","Smoking: active","partner","first two postnatal years","heavy",-Inf,-Inf,NA,"Smoking: active (heavy)","-Inf/-Inf (NaN%)","partner: first two postnatal years"
"144","BIB","Smoking: active","mother","preconception","heavy",205,10447,2,"Smoking: active (heavy)","205/10447 (2%)","mother: preconception"
"145","BIB","Smoking: active","partner","preconception","heavy",-Inf,-Inf,NA,"Smoking: active (heavy)","-Inf/-Inf (NaN%)","partner: preconception"
"146","BIB","Smoking: active","mother","second trimester","heavy",38,10363,0,"Smoking: active (heavy)","38/10363 (0%)","mother: second trimester"
"147","BIB","Smoking: active","partner","second trimester","heavy",-Inf,-Inf,NA,"Smoking: active (heavy)","-Inf/-Inf (NaN%)","partner: second trimester"
"148","BIB","Smoking: active","mother","third trimester","heavy",38,10363,0,"Smoking: active (heavy)","38/10363 (0%)","mother: third trimester"
"149","BIB","Smoking: active","partner","third trimester","heavy",43,3148,1,"Smoking: active (heavy)","43/3148 (1%)","partner: third trimester"
"150","BIB","Smoking: active","mother","first trimester","light",1324,10383,13,"Smoking: active (light)","1324/10383 (13%)","mother: first trimester"
"151","BIB","Smoking: active","partner","first trimester","light",-Inf,-Inf,NA,"Smoking: active (light)","-Inf/-Inf (NaN%)","partner: first trimester"
"152","BIB","Smoking: active","mother","first two postnatal years","light",-Inf,-Inf,NA,"Smoking: active (light)","-Inf/-Inf (NaN%)","mother: first two postnatal years"
"153","BIB","Smoking: active","partner","first two postnatal years","light",-Inf,-Inf,NA,"Smoking: active (light)","-Inf/-Inf (NaN%)","partner: first two postnatal years"
"154","BIB","Smoking: active","mother","preconception","light",1275,10447,12,"Smoking: active (light)","1275/10447 (12%)","mother: preconception"
"155","BIB","Smoking: active","partner","preconception","light",-Inf,-Inf,NA,"Smoking: active (light)","-Inf/-Inf (NaN%)","partner: preconception"
"156","BIB","Smoking: active","mother","second trimester","light",1203,10363,12,"Smoking: active (light)","1203/10363 (12%)","mother: second trimester"
"157","BIB","Smoking: active","partner","second trimester","light",-Inf,-Inf,NA,"Smoking: active (light)","-Inf/-Inf (NaN%)","partner: second trimester"
"158","BIB","Smoking: active","mother","third trimester","light",1203,10363,12,"Smoking: active (light)","1203/10363 (12%)","mother: third trimester"
"159","BIB","Smoking: active","partner","third trimester","light",642,3148,20,"Smoking: active (light)","642/3148 (20%)","partner: third trimester"
"160","BIB","Smoking: active","mother","first trimester","moderate",312,10383,3,"Smoking: active (moderate)","312/10383 (3%)","mother: first trimester"
"161","BIB","Smoking: active","partner","first trimester","moderate",-Inf,-Inf,NA,"Smoking: active (moderate)","-Inf/-Inf (NaN%)","partner: first trimester"
"162","BIB","Smoking: active","mother","first two postnatal years","moderate",-Inf,-Inf,NA,"Smoking: active (moderate)","-Inf/-Inf (NaN%)","mother: first two postnatal years"
"163","BIB","Smoking: active","partner","first two postnatal years","moderate",-Inf,-Inf,NA,"Smoking: active (moderate)","-Inf/-Inf (NaN%)","partner: first two postnatal years"
"164","BIB","Smoking: active","mother","preconception","moderate",684,10447,7,"Smoking: active (moderate)","684/10447 (7%)","mother: preconception"
"165","BIB","Smoking: active","partner","preconception","moderate",-Inf,-Inf,NA,"Smoking: active (moderate)","-Inf/-Inf (NaN%)","partner: preconception"
"166","BIB","Smoking: active","mother","second trimester","moderate",227,10363,2,"Smoking: active (moderate)","227/10363 (2%)","mother: second trimester"
"167","BIB","Smoking: active","partner","second trimester","moderate",-Inf,-Inf,NA,"Smoking: active (moderate)","-Inf/-Inf (NaN%)","partner: second trimester"
"168","BIB","Smoking: active","mother","third trimester","moderate",227,10363,2,"Smoking: active (moderate)","227/10363 (2%)","mother: third trimester"
"169","BIB","Smoking: active","partner","third trimester","moderate",337,3148,11,"Smoking: active (moderate)","337/3148 (11%)","partner: third trimester"
"170","BIB","Alcohol: any","mother","ever in pregnancy","any",2149,3296,65,"Alcohol: any (any)","2149/3296 (65%)","mother: ever in pregnancy"
"171","BIB","Alcohol: any","partner","ever in pregnancy","any",1532,3144,49,"Alcohol: any (any)","1532/3144 (49%)","partner: ever in pregnancy"
"172","BIB","Alcohol: any","mother","first trimester","any",1653,3321,50,"Alcohol: any (any)","1653/3321 (50%)","mother: first trimester"
"173","BIB","Alcohol: any","mother","first two postnatal years","any",-Inf,-Inf,NA,"Alcohol: any (any)","-Inf/-Inf (NaN%)","mother: first two postnatal years"
"174","BIB","Alcohol: any","partner","first two postnatal years","any",-Inf,-Inf,NA,"Alcohol: any (any)","-Inf/-Inf (NaN%)","partner: first two postnatal years"
"175","BIB","Alcohol: any","mother","preconception","any",3254,3316,98,"Alcohol: any (any)","3254/3316 (98%)","mother: preconception"
"176","BIB","Alcohol: any","partner","preconception","any",-Inf,-Inf,NA,"Alcohol: any (any)","-Inf/-Inf (NaN%)","partner: preconception"
"177","BIB","Alcohol: any","mother","second trimester","any",1246,3287,38,"Alcohol: any (any)","1246/3287 (38%)","mother: second trimester"
"178","BIB","Alcohol: any","partner","second trimester","any",-Inf,-Inf,NA,"Alcohol: any (any)","-Inf/-Inf (NaN%)","partner: second trimester"
"179","BIB","Alcohol: any","mother","third trimester","any",1246,3287,38,"Alcohol: any (any)","1246/3287 (38%)","mother: third trimester"
"180","BIB","Alcohol: any","partner","third trimester","any",1532,3144,49,"Alcohol: any (any)","1532/3144 (49%)","partner: third trimester"
"181","BIB","Alcohol: any","mother","first trimester","heavy",105,2211,5,"Alcohol: any (heavy)","105/2211 (5%)","mother: first trimester"
"182","BIB","Alcohol: any","mother","first two postnatal years","heavy",-Inf,-Inf,NA,"Alcohol: any (heavy)","-Inf/-Inf (NaN%)","mother: first two postnatal years"
"183","BIB","Alcohol: any","partner","first two postnatal years","heavy",-Inf,-Inf,NA,"Alcohol: any (heavy)","-Inf/-Inf (NaN%)","partner: first two postnatal years"
"184","BIB","Alcohol: any","mother","preconception","heavy",350,1693,21,"Alcohol: any (heavy)","350/1693 (21%)","mother: preconception"
"185","BIB","Alcohol: any","partner","preconception","heavy",-Inf,-Inf,NA,"Alcohol: any (heavy)","-Inf/-Inf (NaN%)","partner: preconception"
"186","BIB","Alcohol: any","mother","second trimester","heavy",-Inf,-Inf,NA,"Alcohol: any (heavy)","-Inf/-Inf (NaN%)","mother: second trimester"
"187","BIB","Alcohol: any","partner","second trimester","heavy",-Inf,-Inf,NA,"Alcohol: any (heavy)","-Inf/-Inf (NaN%)","partner: second trimester"
"188","BIB","Alcohol: any","mother","third trimester","heavy",-Inf,-Inf,NA,"Alcohol: any (heavy)","-Inf/-Inf (NaN%)","mother: third trimester"
"189","BIB","Alcohol: any","partner","third trimester","heavy",382,1511,25,"Alcohol: any (heavy)","382/1511 (25%)","partner: third trimester"
"190","BIB","Alcohol: any","mother","first trimester","light",136,2211,6,"Alcohol: any (light)","136/2211 (6%)","mother: first trimester"
"191","BIB","Alcohol: any","mother","first two postnatal years","light",-Inf,-Inf,NA,"Alcohol: any (light)","-Inf/-Inf (NaN%)","mother: first two postnatal years"
"192","BIB","Alcohol: any","partner","first two postnatal years","light",-Inf,-Inf,NA,"Alcohol: any (light)","-Inf/-Inf (NaN%)","partner: first two postnatal years"
"193","BIB","Alcohol: any","mother","preconception","light",197,1693,12,"Alcohol: any (light)","197/1693 (12%)","mother: preconception"
"194","BIB","Alcohol: any","partner","preconception","light",-Inf,-Inf,NA,"Alcohol: any (light)","-Inf/-Inf (NaN%)","partner: preconception"
"195","BIB","Alcohol: any","mother","second trimester","light",121,2252,5,"Alcohol: any (light)","121/2252 (5%)","mother: second trimester"
"196","BIB","Alcohol: any","partner","second trimester","light",-Inf,-Inf,NA,"Alcohol: any (light)","-Inf/-Inf (NaN%)","partner: second trimester"
"197","BIB","Alcohol: any","mother","third trimester","light",121,2252,5,"Alcohol: any (light)","121/2252 (5%)","mother: third trimester"
"198","BIB","Alcohol: any","partner","third trimester","light",299,1511,20,"Alcohol: any (light)","299/1511 (20%)","partner: third trimester"
"199","BIB","Alcohol: any","mother","first trimester","moderate",289,2211,13,"Alcohol: any (moderate)","289/2211 (13%)","mother: first trimester"
"200","BIB","Alcohol: any","mother","first two postnatal years","moderate",-Inf,-Inf,NA,"Alcohol: any (moderate)","-Inf/-Inf (NaN%)","mother: first two postnatal years"
"201","BIB","Alcohol: any","partner","first two postnatal years","moderate",-Inf,-Inf,NA,"Alcohol: any (moderate)","-Inf/-Inf (NaN%)","partner: first two postnatal years"
"202","BIB","Alcohol: any","mother","preconception","moderate",1049,1693,62,"Alcohol: any (moderate)","1049/1693 (62%)","mother: preconception"
"203","BIB","Alcohol: any","partner","preconception","moderate",-Inf,-Inf,NA,"Alcohol: any (moderate)","-Inf/-Inf (NaN%)","partner: preconception"
"204","BIB","Alcohol: any","mother","second trimester","moderate",61,2252,3,"Alcohol: any (moderate)","61/2252 (3%)","mother: second trimester"
"205","BIB","Alcohol: any","partner","second trimester","moderate",-Inf,-Inf,NA,"Alcohol: any (moderate)","-Inf/-Inf (NaN%)","partner: second trimester"
"206","BIB","Alcohol: any","mother","third trimester","moderate",61,2252,3,"Alcohol: any (moderate)","61/2252 (3%)","mother: third trimester"
"207","BIB","Alcohol: any","partner","third trimester","moderate",807,1511,53,"Alcohol: any (moderate)","807/1511 (53%)","partner: third trimester"
"208","BIB","Caffeine: any source","mother","ever in pregnancy","any",7504,9176,82,"Caffeine: any source (any)","7504/9176 (82%)","mother: ever in pregnancy"
"209","BIB","Caffeine: any source","partner","ever in pregnancy","any",-Inf,-Inf,NA,"Caffeine: any source (any)","-Inf/-Inf (NaN%)","partner: ever in pregnancy"
"210","BIB","Caffeine: any source","mother","first trimester","any",-Inf,-Inf,NA,"Caffeine: any source (any)","-Inf/-Inf (NaN%)","mother: first trimester"
"211","BIB","Caffeine: any source","mother","first two postnatal years","any",-Inf,-Inf,NA,"Caffeine: any source (any)","-Inf/-Inf (NaN%)","mother: first two postnatal years"
"212","BIB","Caffeine: any source","mother","preconception","any",-Inf,-Inf,NA,"Caffeine: any source (any)","-Inf/-Inf (NaN%)","mother: preconception"
"213","BIB","Caffeine: any source","mother","second trimester","any",-Inf,-Inf,NA,"Caffeine: any source (any)","-Inf/-Inf (NaN%)","mother: second trimester"
"214","BIB","Caffeine: any source","partner","second trimester","any",-Inf,-Inf,NA,"Caffeine: any source (any)","-Inf/-Inf (NaN%)","partner: second trimester"
"215","BIB","Caffeine: any source","mother","third trimester","any",7504,9176,82,"Caffeine: any source (any)","7504/9176 (82%)","mother: third trimester"
"216","BIB","Caffeine: any source","mother","first trimester","heavy",-Inf,-Inf,NA,"Caffeine: any source (heavy)","-Inf/-Inf (NaN%)","mother: first trimester"
"217","BIB","Caffeine: any source","mother","first two postnatal years","heavy",-Inf,-Inf,NA,"Caffeine: any source (heavy)","-Inf/-Inf (NaN%)","mother: first two postnatal years"
"218","BIB","Caffeine: any source","mother","preconception","heavy",-Inf,-Inf,NA,"Caffeine: any source (heavy)","-Inf/-Inf (NaN%)","mother: preconception"
"219","BIB","Caffeine: any source","mother","second trimester","heavy",-Inf,-Inf,NA,"Caffeine: any source (heavy)","-Inf/-Inf (NaN%)","mother: second trimester"
"220","BIB","Caffeine: any source","partner","second trimester","heavy",-Inf,-Inf,NA,"Caffeine: any source (heavy)","-Inf/-Inf (NaN%)","partner: second trimester"
"221","BIB","Caffeine: any source","mother","third trimester","heavy",350,9176,4,"Caffeine: any source (heavy)","350/9176 (4%)","mother: third trimester"
"222","BIB","Caffeine: any source","mother","first trimester","light",-Inf,-Inf,NA,"Caffeine: any source (light)","-Inf/-Inf (NaN%)","mother: first trimester"
"223","BIB","Caffeine: any source","mother","first two postnatal years","light",-Inf,-Inf,NA,"Caffeine: any source (light)","-Inf/-Inf (NaN%)","mother: first two postnatal years"
"224","BIB","Caffeine: any source","mother","preconception","light",-Inf,-Inf,NA,"Caffeine: any source (light)","-Inf/-Inf (NaN%)","mother: preconception"
"225","BIB","Caffeine: any source","mother","second trimester","light",-Inf,-Inf,NA,"Caffeine: any source (light)","-Inf/-Inf (NaN%)","mother: second trimester"
"226","BIB","Caffeine: any source","partner","second trimester","light",-Inf,-Inf,NA,"Caffeine: any source (light)","-Inf/-Inf (NaN%)","partner: second trimester"
"227","BIB","Caffeine: any source","mother","third trimester","light",6244,9176,68,"Caffeine: any source (light)","6244/9176 (68%)","mother: third trimester"
"228","BIB","Caffeine: any source","mother","first trimester","moderate",-Inf,-Inf,NA,"Caffeine: any source (moderate)","-Inf/-Inf (NaN%)","mother: first trimester"
"229","BIB","Caffeine: any source","mother","first two postnatal years","moderate",-Inf,-Inf,NA,"Caffeine: any source (moderate)","-Inf/-Inf (NaN%)","mother: first two postnatal years"
"230","BIB","Caffeine: any source","mother","preconception","moderate",-Inf,-Inf,NA,"Caffeine: any source (moderate)","-Inf/-Inf (NaN%)","mother: preconception"
"231","BIB","Caffeine: any source","mother","second trimester","moderate",-Inf,-Inf,NA,"Caffeine: any source (moderate)","-Inf/-Inf (NaN%)","mother: second trimester"
"232","BIB","Caffeine: any source","partner","second trimester","moderate",-Inf,-Inf,NA,"Caffeine: any source (moderate)","-Inf/-Inf (NaN%)","partner: second trimester"
"233","BIB","Caffeine: any source","mother","third trimester","moderate",910,9176,10,"Caffeine: any source (moderate)","910/9176 (10%)","mother: third trimester"
"234","BIB","Smoking: passive","mother","ever in pregnancy","any",3461,10825,32,"Smoking: passive (any)","3461/10825 (32%)","mother: ever in pregnancy"
"235","BIB","Alcohol: binge","mother","ever in pregnancy","any",1111,1426,78,"Alcohol: binge (any)","1111/1426 (78%)","mother: ever in pregnancy"
"236","BIB","Alcohol: binge","partner","ever in pregnancy","any",-Inf,-Inf,NA,"Alcohol: binge (any)","-Inf/-Inf (NaN%)","partner: ever in pregnancy"
"237","BIB","Alcohol: binge","mother","first trimester","any",976,1621,60,"Alcohol: binge (any)","976/1621 (60%)","mother: first trimester"
"238","BIB","Alcohol: binge","mother","preconception","any",-Inf,-Inf,NA,"Alcohol: binge (any)","-Inf/-Inf (NaN%)","mother: preconception"
"239","BIB","Alcohol: binge","partner","preconception","any",-Inf,-Inf,NA,"Alcohol: binge (any)","-Inf/-Inf (NaN%)","partner: preconception"
"240","BIB","Alcohol: binge","mother","second trimester","any",333,1252,27,"Alcohol: binge (any)","333/1252 (27%)","mother: second trimester"
"241","BIB","Alcohol: binge","partner","second trimester","any",-Inf,-Inf,NA,"Alcohol: binge (any)","-Inf/-Inf (NaN%)","partner: second trimester"
"242","BIB","Alcohol: binge","mother","third trimester","any",333,1252,27,"Alcohol: binge (any)","333/1252 (27%)","mother: third trimester"
"243","BIB","Low SEP: education","mother","at study recruitment","any",3177,10861,29,"Low SEP: education (any)","3177/10861 (29%)","mother: at study recruitment"
"244","BIB","Low SEP: education","partner","at study recruitment","any",864,2891,30,"Low SEP: education (any)","864/2891 (30%)","partner: at study recruitment"
"245","BIB","Low SEP: occupation","mother","at study recruitment","any",-Inf,-Inf,NA,"Low SEP: occupation (any)","-Inf/-Inf (NaN%)","mother: at study recruitment"
"246","BIB","Low SEP: occupation","partner","at study recruitment","any",599,2419,25,"Low SEP: occupation (any)","599/2419 (25%)","partner: at study recruitment"
"247","MCS","Smoking: active","mother","early onset","any",-Inf,-Inf,NA,"Smoking: active (any)","-Inf/-Inf (NaN%)","mother: early onset"
"248","MCS","Smoking: active","partner","early onset","any",-Inf,-Inf,NA,"Smoking: active (any)","-Inf/-Inf (NaN%)","partner: early onset"
"249","MCS","Smoking: active","mother","ever in life","any",5052,11293,45,"Smoking: active (any)","5052/11293 (45%)","mother: ever in life"
"250","MCS","Smoking: active","partner","ever in life","any",4219,8012,53,"Smoking: active (any)","4219/8012 (53%)","partner: ever in life"
"251","MCS","Smoking: active","mother","ever in pregnancy","any",2180,11290,19,"Smoking: active (any)","2180/11290 (19%)","mother: ever in pregnancy"
"252","MCS","Smoking: active","partner","ever in pregnancy","any",2624,7981,33,"Smoking: active (any)","2624/7981 (33%)","partner: ever in pregnancy"
"253","MCS","Smoking: active","mother","first trimester","any",2179,11289,19,"Smoking: active (any)","2179/11289 (19%)","mother: first trimester"
"254","MCS","Smoking: active","partner","first trimester","any",2624,7981,33,"Smoking: active (any)","2624/7981 (33%)","partner: first trimester"
"255","MCS","Smoking: active","mother","first two postnatal years","any",3022,11286,27,"Smoking: active (any)","3022/11286 (27%)","mother: first two postnatal years"
"256","MCS","Smoking: active","partner","first two postnatal years","any",2823,8002,35,"Smoking: active (any)","2823/8002 (35%)","partner: first two postnatal years"
"257","MCS","Smoking: active","mother","preconception","any",2864,11286,25,"Smoking: active (any)","2864/11286 (25%)","mother: preconception"
"258","MCS","Smoking: active","partner","preconception","any",2708,7984,34,"Smoking: active (any)","2708/7984 (34%)","partner: preconception"
"259","MCS","Smoking: active","mother","second trimester","any",2113,11288,19,"Smoking: active (any)","2113/11288 (19%)","mother: second trimester"
"260","MCS","Smoking: active","partner","second trimester","any",2608,7981,33,"Smoking: active (any)","2608/7981 (33%)","partner: second trimester"
"261","MCS","Smoking: active","mother","third trimester","any",2110,11289,19,"Smoking: active (any)","2110/11289 (19%)","mother: third trimester"
"262","MCS","Smoking: active","partner","third trimester","any",2602,7981,33,"Smoking: active (any)","2602/7981 (33%)","partner: third trimester"
"263","MCS","Smoking: active","mother","first trimester","heavy",358,11289,3,"Smoking: active (heavy)","358/11289 (3%)","mother: first trimester"
"264","MCS","Smoking: active","partner","first trimester","heavy",799,7981,10,"Smoking: active (heavy)","799/7981 (10%)","partner: first trimester"
"265","MCS","Smoking: active","mother","first two postnatal years","heavy",521,11286,5,"Smoking: active (heavy)","521/11286 (5%)","mother: first two postnatal years"
"266","MCS","Smoking: active","partner","first two postnatal years","heavy",803,8002,10,"Smoking: active (heavy)","803/8002 (10%)","partner: first two postnatal years"
"267","MCS","Smoking: active","mother","preconception","heavy",884,11286,8,"Smoking: active (heavy)","884/11286 (8%)","mother: preconception"
"268","MCS","Smoking: active","partner","preconception","heavy",1007,7984,13,"Smoking: active (heavy)","1007/7984 (13%)","partner: preconception"
"269","MCS","Smoking: active","mother","second trimester","heavy",295,11288,3,"Smoking: active (heavy)","295/11288 (3%)","mother: second trimester"
"270","MCS","Smoking: active","partner","second trimester","heavy",775,7981,10,"Smoking: active (heavy)","775/7981 (10%)","partner: second trimester"
"271","MCS","Smoking: active","mother","third trimester","heavy",293,11289,3,"Smoking: active (heavy)","293/11289 (3%)","mother: third trimester"
"272","MCS","Smoking: active","partner","third trimester","heavy",769,7981,10,"Smoking: active (heavy)","769/7981 (10%)","partner: third trimester"
"273","MCS","Smoking: active","mother","first trimester","light",1131,11289,10,"Smoking: active (light)","1131/11289 (10%)","mother: first trimester"
"274","MCS","Smoking: active","partner","first trimester","light",758,7981,9,"Smoking: active (light)","758/7981 (9%)","partner: first trimester"
"275","MCS","Smoking: active","mother","first two postnatal years","light",1176,11286,10,"Smoking: active (light)","1176/11286 (10%)","mother: first two postnatal years"
"276","MCS","Smoking: active","partner","first two postnatal years","light",833,8002,10,"Smoking: active (light)","833/8002 (10%)","partner: first two postnatal years"
"277","MCS","Smoking: active","mother","preconception","light",711,11286,6,"Smoking: active (light)","711/11286 (6%)","mother: preconception"
"278","MCS","Smoking: active","partner","preconception","light",657,7984,8,"Smoking: active (light)","657/7984 (8%)","partner: preconception"
"279","MCS","Smoking: active","mother","second trimester","light",1193,11288,11,"Smoking: active (light)","1193/11288 (11%)","mother: second trimester"
"280","MCS","Smoking: active","partner","second trimester","light",781,7981,10,"Smoking: active (light)","781/7981 (10%)","partner: second trimester"
"281","MCS","Smoking: active","mother","third trimester","light",1199,11289,11,"Smoking: active (light)","1199/11289 (11%)","mother: third trimester"
"282","MCS","Smoking: active","partner","third trimester","light",794,7981,10,"Smoking: active (light)","794/7981 (10%)","partner: third trimester"
"283","MCS","Smoking: active","mother","first trimester","moderate",690,11289,6,"Smoking: active (moderate)","690/11289 (6%)","mother: first trimester"
"284","MCS","Smoking: active","partner","first trimester","moderate",1067,7981,13,"Smoking: active (moderate)","1067/7981 (13%)","partner: first trimester"
"285","MCS","Smoking: active","mother","first two postnatal years","moderate",1325,11286,12,"Smoking: active (moderate)","1325/11286 (12%)","mother: first two postnatal years"
"286","MCS","Smoking: active","partner","first two postnatal years","moderate",1187,8002,15,"Smoking: active (moderate)","1187/8002 (15%)","partner: first two postnatal years"
"287","MCS","Smoking: active","mother","preconception","moderate",1269,11286,11,"Smoking: active (moderate)","1269/11286 (11%)","mother: preconception"
"288","MCS","Smoking: active","partner","preconception","moderate",1044,7984,13,"Smoking: active (moderate)","1044/7984 (13%)","partner: preconception"
"289","MCS","Smoking: active","mother","second trimester","moderate",625,11288,6,"Smoking: active (moderate)","625/11288 (6%)","mother: second trimester"
"290","MCS","Smoking: active","partner","second trimester","moderate",1052,7981,13,"Smoking: active (moderate)","1052/7981 (13%)","partner: second trimester"
"291","MCS","Smoking: active","mother","third trimester","moderate",618,11289,5,"Smoking: active (moderate)","618/11289 (5%)","mother: third trimester"
"292","MCS","Smoking: active","partner","third trimester","moderate",1039,7981,13,"Smoking: active (moderate)","1039/7981 (13%)","partner: third trimester"
"293","MCS","Alcohol: any","mother","ever in pregnancy","any",3269,11298,29,"Alcohol: any (any)","3269/11298 (29%)","mother: ever in pregnancy"
"294","MCS","Alcohol: any","partner","ever in pregnancy","any",-Inf,-Inf,NA,"Alcohol: any (any)","-Inf/-Inf (NaN%)","partner: ever in pregnancy"
"295","MCS","Alcohol: any","mother","first trimester","any",-Inf,-Inf,NA,"Alcohol: any (any)","-Inf/-Inf (NaN%)","mother: first trimester"
"296","MCS","Alcohol: any","mother","first two postnatal years","any",7965,11299,70,"Alcohol: any (any)","7965/11299 (70%)","mother: first two postnatal years"
"297","MCS","Alcohol: any","partner","first two postnatal years","any",6651,8164,81,"Alcohol: any (any)","6651/8164 (81%)","partner: first two postnatal years"
"298","MCS","Alcohol: any","mother","preconception","any",-Inf,-Inf,NA,"Alcohol: any (any)","-Inf/-Inf (NaN%)","mother: preconception"
"299","MCS","Alcohol: any","partner","preconception","any",-Inf,-Inf,NA,"Alcohol: any (any)","-Inf/-Inf (NaN%)","partner: preconception"
"300","MCS","Alcohol: any","mother","second trimester","any",-Inf,-Inf,NA,"Alcohol: any (any)","-Inf/-Inf (NaN%)","mother: second trimester"
"301","MCS","Alcohol: any","partner","second trimester","any",-Inf,-Inf,NA,"Alcohol: any (any)","-Inf/-Inf (NaN%)","partner: second trimester"
"302","MCS","Alcohol: any","mother","third trimester","any",-Inf,-Inf,NA,"Alcohol: any (any)","-Inf/-Inf (NaN%)","mother: third trimester"
"303","MCS","Alcohol: any","partner","third trimester","any",-Inf,-Inf,NA,"Alcohol: any (any)","-Inf/-Inf (NaN%)","partner: third trimester"
"304","MCS","Alcohol: any","mother","first trimester","heavy",-Inf,-Inf,NA,"Alcohol: any (heavy)","-Inf/-Inf (NaN%)","mother: first trimester"
"305","MCS","Alcohol: any","mother","first two postnatal years","heavy",296,11299,3,"Alcohol: any (heavy)","296/11299 (3%)","mother: first two postnatal years"
"306","MCS","Alcohol: any","partner","first two postnatal years","heavy",678,8164,8,"Alcohol: any (heavy)","678/8164 (8%)","partner: first two postnatal years"
"307","MCS","Alcohol: any","mother","preconception","heavy",-Inf,-Inf,NA,"Alcohol: any (heavy)","-Inf/-Inf (NaN%)","mother: preconception"
"308","MCS","Alcohol: any","partner","preconception","heavy",-Inf,-Inf,NA,"Alcohol: any (heavy)","-Inf/-Inf (NaN%)","partner: preconception"
"309","MCS","Alcohol: any","mother","second trimester","heavy",-Inf,-Inf,NA,"Alcohol: any (heavy)","-Inf/-Inf (NaN%)","mother: second trimester"
"310","MCS","Alcohol: any","partner","second trimester","heavy",-Inf,-Inf,NA,"Alcohol: any (heavy)","-Inf/-Inf (NaN%)","partner: second trimester"
"311","MCS","Alcohol: any","mother","third trimester","heavy",-Inf,-Inf,NA,"Alcohol: any (heavy)","-Inf/-Inf (NaN%)","mother: third trimester"
"312","MCS","Alcohol: any","partner","third trimester","heavy",-Inf,-Inf,NA,"Alcohol: any (heavy)","-Inf/-Inf (NaN%)","partner: third trimester"
"313","MCS","Alcohol: any","mother","first trimester","light",-Inf,-Inf,NA,"Alcohol: any (light)","-Inf/-Inf (NaN%)","mother: first trimester"
"314","MCS","Alcohol: any","mother","first two postnatal years","light",3987,11299,35,"Alcohol: any (light)","3987/11299 (35%)","mother: first two postnatal years"
"315","MCS","Alcohol: any","partner","first two postnatal years","light",1743,8164,21,"Alcohol: any (light)","1743/8164 (21%)","partner: first two postnatal years"
"316","MCS","Alcohol: any","mother","preconception","light",-Inf,-Inf,NA,"Alcohol: any (light)","-Inf/-Inf (NaN%)","mother: preconception"
"317","MCS","Alcohol: any","partner","preconception","light",-Inf,-Inf,NA,"Alcohol: any (light)","-Inf/-Inf (NaN%)","partner: preconception"
"318","MCS","Alcohol: any","mother","second trimester","light",-Inf,-Inf,NA,"Alcohol: any (light)","-Inf/-Inf (NaN%)","mother: second trimester"
"319","MCS","Alcohol: any","partner","second trimester","light",-Inf,-Inf,NA,"Alcohol: any (light)","-Inf/-Inf (NaN%)","partner: second trimester"
"320","MCS","Alcohol: any","mother","third trimester","light",-Inf,-Inf,NA,"Alcohol: any (light)","-Inf/-Inf (NaN%)","mother: third trimester"
"321","MCS","Alcohol: any","partner","third trimester","light",-Inf,-Inf,NA,"Alcohol: any (light)","-Inf/-Inf (NaN%)","partner: third trimester"
"322","MCS","Alcohol: any","mother","first trimester","moderate",-Inf,-Inf,NA,"Alcohol: any (moderate)","-Inf/-Inf (NaN%)","mother: first trimester"
"323","MCS","Alcohol: any","mother","first two postnatal years","moderate",3682,11299,33,"Alcohol: any (moderate)","3682/11299 (33%)","mother: first two postnatal years"
"324","MCS","Alcohol: any","partner","first two postnatal years","moderate",4230,8164,52,"Alcohol: any (moderate)","4230/8164 (52%)","partner: first two postnatal years"
"325","MCS","Alcohol: any","mother","preconception","moderate",-Inf,-Inf,NA,"Alcohol: any (moderate)","-Inf/-Inf (NaN%)","mother: preconception"
"326","MCS","Alcohol: any","partner","preconception","moderate",-Inf,-Inf,NA,"Alcohol: any (moderate)","-Inf/-Inf (NaN%)","partner: preconception"
"327","MCS","Alcohol: any","mother","second trimester","moderate",-Inf,-Inf,NA,"Alcohol: any (moderate)","-Inf/-Inf (NaN%)","mother: second trimester"
"328","MCS","Alcohol: any","partner","second trimester","moderate",-Inf,-Inf,NA,"Alcohol: any (moderate)","-Inf/-Inf (NaN%)","partner: second trimester"
"329","MCS","Alcohol: any","mother","third trimester","moderate",-Inf,-Inf,NA,"Alcohol: any (moderate)","-Inf/-Inf (NaN%)","mother: third trimester"
"330","MCS","Alcohol: any","partner","third trimester","moderate",-Inf,-Inf,NA,"Alcohol: any (moderate)","-Inf/-Inf (NaN%)","partner: third trimester"
"331","MCS","Caffeine: any source","mother","ever in pregnancy","any",-Inf,-Inf,NA,"Caffeine: any source (any)","-Inf/-Inf (NaN%)","mother: ever in pregnancy"
"332","MCS","Caffeine: any source","partner","ever in pregnancy","any",-Inf,-Inf,NA,"Caffeine: any source (any)","-Inf/-Inf (NaN%)","partner: ever in pregnancy"
"333","MCS","Caffeine: any source","mother","first trimester","any",-Inf,-Inf,NA,"Caffeine: any source (any)","-Inf/-Inf (NaN%)","mother: first trimester"
"334","MCS","Caffeine: any source","mother","first two postnatal years","any",-Inf,-Inf,NA,"Caffeine: any source (any)","-Inf/-Inf (NaN%)","mother: first two postnatal years"
"335","MCS","Caffeine: any source","mother","preconception","any",-Inf,-Inf,NA,"Caffeine: any source (any)","-Inf/-Inf (NaN%)","mother: preconception"
"336","MCS","Caffeine: any source","mother","second trimester","any",-Inf,-Inf,NA,"Caffeine: any source (any)","-Inf/-Inf (NaN%)","mother: second trimester"
"337","MCS","Caffeine: any source","partner","second trimester","any",-Inf,-Inf,NA,"Caffeine: any source (any)","-Inf/-Inf (NaN%)","partner: second trimester"
"338","MCS","Caffeine: any source","mother","third trimester","any",-Inf,-Inf,NA,"Caffeine: any source (any)","-Inf/-Inf (NaN%)","mother: third trimester"
"339","MCS","Caffeine: any source","mother","first trimester","heavy",-Inf,-Inf,NA,"Caffeine: any source (heavy)","-Inf/-Inf (NaN%)","mother: first trimester"
"340","MCS","Caffeine: any source","mother","first two postnatal years","heavy",-Inf,-Inf,NA,"Caffeine: any source (heavy)","-Inf/-Inf (NaN%)","mother: first two postnatal years"
"341","MCS","Caffeine: any source","mother","preconception","heavy",-Inf,-Inf,NA,"Caffeine: any source (heavy)","-Inf/-Inf (NaN%)","mother: preconception"
"342","MCS","Caffeine: any source","mother","second trimester","heavy",-Inf,-Inf,NA,"Caffeine: any source (heavy)","-Inf/-Inf (NaN%)","mother: second trimester"
"343","MCS","Caffeine: any source","partner","second trimester","heavy",-Inf,-Inf,NA,"Caffeine: any source (heavy)","-Inf/-Inf (NaN%)","partner: second trimester"
"344","MCS","Caffeine: any source","mother","third trimester","heavy",-Inf,-Inf,NA,"Caffeine: any source (heavy)","-Inf/-Inf (NaN%)","mother: third trimester"
"345","MCS","Caffeine: any source","mother","first trimester","light",-Inf,-Inf,NA,"Caffeine: any source (light)","-Inf/-Inf (NaN%)","mother: first trimester"
"346","MCS","Caffeine: any source","mother","first two postnatal years","light",-Inf,-Inf,NA,"Caffeine: any source (light)","-Inf/-Inf (NaN%)","mother: first two postnatal years"
"347","MCS","Caffeine: any source","mother","preconception","light",-Inf,-Inf,NA,"Caffeine: any source (light)","-Inf/-Inf (NaN%)","mother: preconception"
"348","MCS","Caffeine: any source","mother","second trimester","light",-Inf,-Inf,NA,"Caffeine: any source (light)","-Inf/-Inf (NaN%)","mother: second trimester"
"349","MCS","Caffeine: any source","partner","second trimester","light",-Inf,-Inf,NA,"Caffeine: any source (light)","-Inf/-Inf (NaN%)","partner: second trimester"
"350","MCS","Caffeine: any source","mother","third trimester","light",-Inf,-Inf,NA,"Caffeine: any source (light)","-Inf/-Inf (NaN%)","mother: third trimester"
"351","MCS","Caffeine: any source","mother","first trimester","moderate",-Inf,-Inf,NA,"Caffeine: any source (moderate)","-Inf/-Inf (NaN%)","mother: first trimester"
"352","MCS","Caffeine: any source","mother","first two postnatal years","moderate",-Inf,-Inf,NA,"Caffeine: any source (moderate)","-Inf/-Inf (NaN%)","mother: first two postnatal years"
"353","MCS","Caffeine: any source","mother","preconception","moderate",-Inf,-Inf,NA,"Caffeine: any source (moderate)","-Inf/-Inf (NaN%)","mother: preconception"
"354","MCS","Caffeine: any source","mother","second trimester","moderate",-Inf,-Inf,NA,"Caffeine: any source (moderate)","-Inf/-Inf (NaN%)","mother: second trimester"
"355","MCS","Caffeine: any source","partner","second trimester","moderate",-Inf,-Inf,NA,"Caffeine: any source (moderate)","-Inf/-Inf (NaN%)","partner: second trimester"
"356","MCS","Caffeine: any source","mother","third trimester","moderate",-Inf,-Inf,NA,"Caffeine: any source (moderate)","-Inf/-Inf (NaN%)","mother: third trimester"
"357","MCS","Smoking: passive","mother","ever in pregnancy","any",-Inf,-Inf,NA,"Smoking: passive (any)","-Inf/-Inf (NaN%)","mother: ever in pregnancy"
"358","MCS","Alcohol: binge","mother","ever in pregnancy","any",-Inf,-Inf,NA,"Alcohol: binge (any)","-Inf/-Inf (NaN%)","mother: ever in pregnancy"
"359","MCS","Alcohol: binge","partner","ever in pregnancy","any",-Inf,-Inf,NA,"Alcohol: binge (any)","-Inf/-Inf (NaN%)","partner: ever in pregnancy"
"360","MCS","Alcohol: binge","mother","first trimester","any",-Inf,-Inf,NA,"Alcohol: binge (any)","-Inf/-Inf (NaN%)","mother: first trimester"
"361","MCS","Alcohol: binge","mother","preconception","any",-Inf,-Inf,NA,"Alcohol: binge (any)","-Inf/-Inf (NaN%)","mother: preconception"
"362","MCS","Alcohol: binge","partner","preconception","any",-Inf,-Inf,NA,"Alcohol: binge (any)","-Inf/-Inf (NaN%)","partner: preconception"
"363","MCS","Alcohol: binge","mother","second trimester","any",-Inf,-Inf,NA,"Alcohol: binge (any)","-Inf/-Inf (NaN%)","mother: second trimester"
"364","MCS","Alcohol: binge","partner","second trimester","any",-Inf,-Inf,NA,"Alcohol: binge (any)","-Inf/-Inf (NaN%)","partner: second trimester"
"365","MCS","Alcohol: binge","mother","third trimester","any",-Inf,-Inf,NA,"Alcohol: binge (any)","-Inf/-Inf (NaN%)","mother: third trimester"
"366","MCS","Low SEP: education","mother","at study recruitment","any",1953,10845,18,"Low SEP: education (any)","1953/10845 (18%)","mother: at study recruitment"
"367","MCS","Low SEP: education","partner","at study recruitment","any",1138,7811,15,"Low SEP: education (any)","1138/7811 (15%)","partner: at study recruitment"
"368","MCS","Low SEP: occupation","mother","at study recruitment","any",1367,4957,28,"Low SEP: occupation (any)","1367/4957 (28%)","mother: at study recruitment"
"369","MCS","Low SEP: occupation","partner","at study recruitment","any",1738,7104,24,"Low SEP: occupation (any)","1738/7104 (24%)","partner: at study recruitment"
"370","MOBA","Smoking: active","mother","early onset","any",173,40723,0,"Smoking: active (any)","173/40723 (0%)","mother: early onset"
"371","MOBA","Smoking: active","partner","early onset","any",-Inf,-Inf,NA,"Smoking: active (any)","-Inf/-Inf (NaN%)","partner: early onset"
"372","MOBA","Smoking: active","mother","ever in life","any",47230,95837,49,"Smoking: active (any)","47230/95837 (49%)","mother: ever in life"
"373","MOBA","Smoking: active","partner","ever in life","any",38778,74338,52,"Smoking: active (any)","38778/74338 (52%)","partner: ever in life"
"374","MOBA","Smoking: active","mother","ever in pregnancy","any",9512,83933,11,"Smoking: active (any)","9512/83933 (11%)","mother: ever in pregnancy"
"375","MOBA","Smoking: active","partner","ever in pregnancy","any",26918,95050,28,"Smoking: active (any)","26918/95050 (28%)","partner: ever in pregnancy"
"376","MOBA","Smoking: active","mother","first trimester","any",-Inf,-Inf,NA,"Smoking: active (any)","-Inf/-Inf (NaN%)","mother: first trimester"
"377","MOBA","Smoking: active","partner","first trimester","any",-Inf,-Inf,NA,"Smoking: active (any)","-Inf/-Inf (NaN%)","partner: first trimester"
"378","MOBA","Smoking: active","mother","first two postnatal years","any",11070,86995,13,"Smoking: active (any)","11070/86995 (13%)","mother: first two postnatal years"
"379","MOBA","Smoking: active","partner","first two postnatal years","any",16634,84934,20,"Smoking: active (any)","16634/84934 (20%)","partner: first two postnatal years"
"380","MOBA","Smoking: active","mother","preconception","any",27953,87137,32,"Smoking: active (any)","27953/87137 (32%)","mother: preconception"
"381","MOBA","Smoking: active","partner","preconception","any",30552,98971,31,"Smoking: active (any)","30552/98971 (31%)","partner: preconception"
"382","MOBA","Smoking: active","mother","second trimester","any",8337,87862,9,"Smoking: active (any)","8337/87862 (9%)","mother: second trimester"
"383","MOBA","Smoking: active","partner","second trimester","any",24268,98550,25,"Smoking: active (any)","24268/98550 (25%)","partner: second trimester"
"384","MOBA","Smoking: active","mother","third trimester","any",7415,95136,8,"Smoking: active (any)","7415/95136 (8%)","mother: third trimester"
"385","MOBA","Smoking: active","partner","third trimester","any",21329,94785,23,"Smoking: active (any)","21329/94785 (23%)","partner: third trimester"
"386","MOBA","Smoking: active","mother","first trimester","heavy",-Inf,-Inf,NA,"Smoking: active (heavy)","-Inf/-Inf (NaN%)","mother: first trimester"
"387","MOBA","Smoking: active","partner","first trimester","heavy",-Inf,-Inf,NA,"Smoking: active (heavy)","-Inf/-Inf (NaN%)","partner: first trimester"
"388","MOBA","Smoking: active","mother","first two postnatal years","heavy",658,86995,1,"Smoking: active (heavy)","658/86995 (1%)","mother: first two postnatal years"
"389","MOBA","Smoking: active","partner","first two postnatal years","heavy",3282,84934,4,"Smoking: active (heavy)","3282/84934 (4%)","partner: first two postnatal years"
"390","MOBA","Smoking: active","mother","preconception","heavy",2920,86315,3,"Smoking: active (heavy)","2920/86315 (3%)","mother: preconception"
"391","MOBA","Smoking: active","partner","preconception","heavy",3451,43554,8,"Smoking: active (heavy)","3451/43554 (8%)","partner: preconception"
"392","MOBA","Smoking: active","mother","second trimester","heavy",90,87739,0,"Smoking: active (heavy)","90/87739 (0%)","mother: second trimester"
"393","MOBA","Smoking: active","partner","second trimester","heavy",1982,43234,5,"Smoking: active (heavy)","1982/43234 (5%)","partner: second trimester"
"394","MOBA","Smoking: active","mother","third trimester","heavy",243,95029,0,"Smoking: active (heavy)","243/95029 (0%)","mother: third trimester"
"395","MOBA","Smoking: active","partner","third trimester","heavy",3747,94268,4,"Smoking: active (heavy)","3747/94268 (4%)","partner: third trimester"
"396","MOBA","Smoking: active","mother","first trimester","light",-Inf,-Inf,NA,"Smoking: active (light)","-Inf/-Inf (NaN%)","mother: first trimester"
"397","MOBA","Smoking: active","partner","first trimester","light",-Inf,-Inf,NA,"Smoking: active (light)","-Inf/-Inf (NaN%)","partner: first trimester"
"398","MOBA","Smoking: active","mother","first two postnatal years","light",5829,86995,7,"Smoking: active (light)","5829/86995 (7%)","mother: first two postnatal years"
"399","MOBA","Smoking: active","partner","first two postnatal years","light",5444,84934,6,"Smoking: active (light)","5444/84934 (6%)","partner: first two postnatal years"
"400","MOBA","Smoking: active","mother","preconception","light",15270,86315,18,"Smoking: active (light)","15270/86315 (18%)","mother: preconception"
"401","MOBA","Smoking: active","partner","preconception","light",10802,43554,25,"Smoking: active (light)","10802/43554 (25%)","partner: preconception"
"402","MOBA","Smoking: active","mother","second trimester","light",6352,87739,7,"Smoking: active (light)","6352/87739 (7%)","mother: second trimester"
"403","MOBA","Smoking: active","partner","second trimester","light",9314,43234,22,"Smoking: active (light)","9314/43234 (22%)","partner: second trimester"
"404","MOBA","Smoking: active","mother","third trimester","light",5047,95029,5,"Smoking: active (light)","5047/95029 (5%)","mother: third trimester"
"405","MOBA","Smoking: active","partner","third trimester","light",8368,94268,9,"Smoking: active (light)","8368/94268 (9%)","partner: third trimester"
"406","MOBA","Smoking: active","mother","first trimester","moderate",-Inf,-Inf,NA,"Smoking: active (moderate)","-Inf/-Inf (NaN%)","mother: first trimester"
"407","MOBA","Smoking: active","partner","first trimester","moderate",-Inf,-Inf,NA,"Smoking: active (moderate)","-Inf/-Inf (NaN%)","partner: first trimester"
"408","MOBA","Smoking: active","mother","first two postnatal years","moderate",4583,86995,5,"Smoking: active (moderate)","4583/86995 (5%)","mother: first two postnatal years"
"409","MOBA","Smoking: active","partner","first two postnatal years","moderate",7908,84934,9,"Smoking: active (moderate)","7908/84934 (9%)","partner: first two postnatal years"
"410","MOBA","Smoking: active","mother","preconception","moderate",8941,86315,10,"Smoking: active (moderate)","8941/86315 (10%)","mother: preconception"
"411","MOBA","Smoking: active","partner","preconception","moderate",7566,43554,17,"Smoking: active (moderate)","7566/43554 (17%)","partner: preconception"
"412","MOBA","Smoking: active","mother","second trimester","moderate",1772,87739,2,"Smoking: active (moderate)","1772/87739 (2%)","mother: second trimester"
"413","MOBA","Smoking: active","partner","second trimester","moderate",5755,43234,13,"Smoking: active (moderate)","5755/43234 (13%)","partner: second trimester"
"414","MOBA","Smoking: active","mother","third trimester","moderate",2018,95029,2,"Smoking: active (moderate)","2018/95029 (2%)","mother: third trimester"
"415","MOBA","Smoking: active","partner","third trimester","moderate",8697,94268,9,"Smoking: active (moderate)","8697/94268 (9%)","partner: third trimester"
"416","MOBA","Alcohol: any","mother","ever in pregnancy","any",25637,81163,32,"Alcohol: any (any)","25637/81163 (32%)","mother: ever in pregnancy"
"417","MOBA","Alcohol: any","partner","ever in pregnancy","any",68807,71732,96,"Alcohol: any (any)","68807/71732 (96%)","partner: ever in pregnancy"
"418","MOBA","Alcohol: any","mother","first trimester","any",22672,81829,28,"Alcohol: any (any)","22672/81829 (28%)","mother: first trimester"
"419","MOBA","Alcohol: any","mother","first two postnatal years","any",73770,87870,84,"Alcohol: any (any)","73770/87870 (84%)","mother: first two postnatal years"
"420","MOBA","Alcohol: any","partner","first two postnatal years","any",-Inf,-Inf,NA,"Alcohol: any (any)","-Inf/-Inf (NaN%)","partner: first two postnatal years"
"421","MOBA","Alcohol: any","mother","preconception","any",90370,98500,92,"Alcohol: any (any)","90370/98500 (92%)","mother: preconception"
"422","MOBA","Alcohol: any","partner","preconception","any",70803,72434,98,"Alcohol: any (any)","70803/72434 (98%)","partner: preconception"
"423","MOBA","Alcohol: any","mother","second trimester","any",8426,79285,11,"Alcohol: any (any)","8426/79285 (11%)","mother: second trimester"
"424","MOBA","Alcohol: any","partner","second trimester","any",68807,71732,96,"Alcohol: any (any)","68807/71732 (96%)","partner: second trimester"
"425","MOBA","Alcohol: any","mother","third trimester","any",8514,79395,11,"Alcohol: any (any)","8514/79395 (11%)","mother: third trimester"
"426","MOBA","Alcohol: any","partner","third trimester","any",-Inf,-Inf,NA,"Alcohol: any (any)","-Inf/-Inf (NaN%)","partner: third trimester"
"427","MOBA","Alcohol: any","mother","first trimester","heavy",23,81829,0,"Alcohol: any (heavy)","23/81829 (0%)","mother: first trimester"
"428","MOBA","Alcohol: any","mother","first two postnatal years","heavy",115,87870,0,"Alcohol: any (heavy)","115/87870 (0%)","mother: first two postnatal years"
"429","MOBA","Alcohol: any","partner","first two postnatal years","heavy",-Inf,-Inf,NA,"Alcohol: any (heavy)","-Inf/-Inf (NaN%)","partner: first two postnatal years"
"430","MOBA","Alcohol: any","mother","preconception","heavy",259,98500,0,"Alcohol: any (heavy)","259/98500 (0%)","mother: preconception"
"431","MOBA","Alcohol: any","partner","preconception","heavy",382,72434,1,"Alcohol: any (heavy)","382/72434 (1%)","partner: preconception"
"432","MOBA","Alcohol: any","mother","second trimester","heavy",-Inf,-Inf,NA,"Alcohol: any (heavy)","-Inf/-Inf (NaN%)","mother: second trimester"
"433","MOBA","Alcohol: any","partner","second trimester","heavy",241,71732,0,"Alcohol: any (heavy)","241/71732 (0%)","partner: second trimester"
"434","MOBA","Alcohol: any","mother","third trimester","heavy",-Inf,-Inf,NA,"Alcohol: any (heavy)","-Inf/-Inf (NaN%)","mother: third trimester"
"435","MOBA","Alcohol: any","partner","third trimester","heavy",-Inf,-Inf,NA,"Alcohol: any (heavy)","-Inf/-Inf (NaN%)","partner: third trimester"
"436","MOBA","Alcohol: any","mother","first trimester","light",22008,81829,27,"Alcohol: any (light)","22008/81829 (27%)","mother: first trimester"
"437","MOBA","Alcohol: any","mother","first two postnatal years","light",67186,87870,76,"Alcohol: any (light)","67186/87870 (76%)","mother: first two postnatal years"
"438","MOBA","Alcohol: any","partner","first two postnatal years","light",-Inf,-Inf,NA,"Alcohol: any (light)","-Inf/-Inf (NaN%)","partner: first two postnatal years"
"439","MOBA","Alcohol: any","mother","preconception","light",80058,98500,81,"Alcohol: any (light)","80058/98500 (81%)","mother: preconception"
"440","MOBA","Alcohol: any","partner","preconception","light",57305,72434,79,"Alcohol: any (light)","57305/72434 (79%)","partner: preconception"
"441","MOBA","Alcohol: any","mother","second trimester","light",8332,79285,11,"Alcohol: any (light)","8332/79285 (11%)","mother: second trimester"
"442","MOBA","Alcohol: any","partner","second trimester","light",59015,71732,82,"Alcohol: any (light)","59015/71732 (82%)","partner: second trimester"
"443","MOBA","Alcohol: any","mother","third trimester","light",8420,79395,11,"Alcohol: any (light)","8420/79395 (11%)","mother: third trimester"
"444","MOBA","Alcohol: any","partner","third trimester","light",-Inf,-Inf,NA,"Alcohol: any (light)","-Inf/-Inf (NaN%)","partner: third trimester"
"445","MOBA","Alcohol: any","mother","first trimester","moderate",641,81829,1,"Alcohol: any (moderate)","641/81829 (1%)","mother: first trimester"
"446","MOBA","Alcohol: any","mother","first two postnatal years","moderate",6469,87870,7,"Alcohol: any (moderate)","6469/87870 (7%)","mother: first two postnatal years"
"447","MOBA","Alcohol: any","partner","first two postnatal years","moderate",-Inf,-Inf,NA,"Alcohol: any (moderate)","-Inf/-Inf (NaN%)","partner: first two postnatal years"
"448","MOBA","Alcohol: any","mother","preconception","moderate",10053,98500,10,"Alcohol: any (moderate)","10053/98500 (10%)","mother: preconception"
"449","MOBA","Alcohol: any","partner","preconception","moderate",13116,72434,18,"Alcohol: any (moderate)","13116/72434 (18%)","partner: preconception"
"450","MOBA","Alcohol: any","mother","second trimester","moderate",91,79285,0,"Alcohol: any (moderate)","91/79285 (0%)","mother: second trimester"
"451","MOBA","Alcohol: any","partner","second trimester","moderate",9551,71732,13,"Alcohol: any (moderate)","9551/71732 (13%)","partner: second trimester"
"452","MOBA","Alcohol: any","mother","third trimester","moderate",91,79395,0,"Alcohol: any (moderate)","91/79395 (0%)","mother: third trimester"
"453","MOBA","Alcohol: any","partner","third trimester","moderate",-Inf,-Inf,NA,"Alcohol: any (moderate)","-Inf/-Inf (NaN%)","partner: third trimester"
"454","MOBA","Caffeine: any source","mother","ever in pregnancy","any",74276,88073,84,"Caffeine: any source (any)","74276/88073 (84%)","mother: ever in pregnancy"
"455","MOBA","Caffeine: any source","partner","ever in pregnancy","any",32362,33470,97,"Caffeine: any source (any)","32362/33470 (97%)","partner: ever in pregnancy"
"456","MOBA","Caffeine: any source","mother","first trimester","any",-Inf,-Inf,NA,"Caffeine: any source (any)","-Inf/-Inf (NaN%)","mother: first trimester"
"457","MOBA","Caffeine: any source","mother","first two postnatal years","any",-Inf,-Inf,NA,"Caffeine: any source (any)","-Inf/-Inf (NaN%)","mother: first two postnatal years"
"458","MOBA","Caffeine: any source","mother","preconception","any",85577,90093,95,"Caffeine: any source (any)","85577/90093 (95%)","mother: preconception"
"459","MOBA","Caffeine: any source","mother","second trimester","any",74276,88073,84,"Caffeine: any source (any)","74276/88073 (84%)","mother: second trimester"
"460","MOBA","Caffeine: any source","partner","second trimester","any",32362,33470,97,"Caffeine: any source (any)","32362/33470 (97%)","partner: second trimester"
"461","MOBA","Caffeine: any source","mother","third trimester","any",-Inf,-Inf,NA,"Caffeine: any source (any)","-Inf/-Inf (NaN%)","mother: third trimester"
"462","MOBA","Caffeine: any source","mother","first trimester","heavy",-Inf,-Inf,NA,"Caffeine: any source (heavy)","-Inf/-Inf (NaN%)","mother: first trimester"
"463","MOBA","Caffeine: any source","mother","first two postnatal years","heavy",-Inf,-Inf,NA,"Caffeine: any source (heavy)","-Inf/-Inf (NaN%)","mother: first two postnatal years"
"464","MOBA","Caffeine: any source","mother","preconception","heavy",6456,90093,7,"Caffeine: any source (heavy)","6456/90093 (7%)","mother: preconception"
"465","MOBA","Caffeine: any source","mother","second trimester","heavy",823,88073,1,"Caffeine: any source (heavy)","823/88073 (1%)","mother: second trimester"
"466","MOBA","Caffeine: any source","partner","second trimester","heavy",455,33470,1,"Caffeine: any source (heavy)","455/33470 (1%)","partner: second trimester"
"467","MOBA","Caffeine: any source","mother","third trimester","heavy",-Inf,-Inf,NA,"Caffeine: any source (heavy)","-Inf/-Inf (NaN%)","mother: third trimester"
"468","MOBA","Caffeine: any source","mother","first trimester","light",-Inf,-Inf,NA,"Caffeine: any source (light)","-Inf/-Inf (NaN%)","mother: first trimester"
"469","MOBA","Caffeine: any source","mother","first two postnatal years","light",-Inf,-Inf,NA,"Caffeine: any source (light)","-Inf/-Inf (NaN%)","mother: first two postnatal years"
"470","MOBA","Caffeine: any source","mother","preconception","light",54443,90093,60,"Caffeine: any source (light)","54443/90093 (60%)","mother: preconception"
"471","MOBA","Caffeine: any source","mother","second trimester","light",66812,88073,76,"Caffeine: any source (light)","66812/88073 (76%)","mother: second trimester"
"472","MOBA","Caffeine: any source","partner","second trimester","light",21259,33470,64,"Caffeine: any source (light)","21259/33470 (64%)","partner: second trimester"
"473","MOBA","Caffeine: any source","mother","third trimester","light",-Inf,-Inf,NA,"Caffeine: any source (light)","-Inf/-Inf (NaN%)","mother: third trimester"
"474","MOBA","Caffeine: any source","mother","first trimester","moderate",-Inf,-Inf,NA,"Caffeine: any source (moderate)","-Inf/-Inf (NaN%)","mother: first trimester"
"475","MOBA","Caffeine: any source","mother","first two postnatal years","moderate",-Inf,-Inf,NA,"Caffeine: any source (moderate)","-Inf/-Inf (NaN%)","mother: first two postnatal years"
"476","MOBA","Caffeine: any source","mother","preconception","moderate",24678,90093,27,"Caffeine: any source (moderate)","24678/90093 (27%)","mother: preconception"
"477","MOBA","Caffeine: any source","mother","second trimester","moderate",6641,88073,8,"Caffeine: any source (moderate)","6641/88073 (8%)","mother: second trimester"
"478","MOBA","Caffeine: any source","partner","second trimester","moderate",10648,33470,32,"Caffeine: any source (moderate)","10648/33470 (32%)","partner: second trimester"
"479","MOBA","Caffeine: any source","mother","third trimester","moderate",-Inf,-Inf,NA,"Caffeine: any source (moderate)","-Inf/-Inf (NaN%)","mother: third trimester"
"480","MOBA","Smoking: passive","mother","ever in pregnancy","any",6214,91738,7,"Smoking: passive (any)","6214/91738 (7%)","mother: ever in pregnancy"
"481","MOBA","Alcohol: binge","mother","ever in pregnancy","any",10777,76132,14,"Alcohol: binge (any)","10777/76132 (14%)","mother: ever in pregnancy"
"482","MOBA","Alcohol: binge","partner","ever in pregnancy","any",11028,16889,65,"Alcohol: binge (any)","11028/16889 (65%)","partner: ever in pregnancy"
"483","MOBA","Alcohol: binge","mother","first trimester","any",10594,77591,14,"Alcohol: binge (any)","10594/77591 (14%)","mother: first trimester"
"484","MOBA","Alcohol: binge","mother","preconception","any",54400,88456,61,"Alcohol: binge (any)","54400/88456 (61%)","mother: preconception"
"485","MOBA","Alcohol: binge","partner","preconception","any",15053,18580,81,"Alcohol: binge (any)","15053/18580 (81%)","partner: preconception"
"486","MOBA","Alcohol: binge","mother","second trimester","any",472,74417,1,"Alcohol: binge (any)","472/74417 (1%)","mother: second trimester"
"487","MOBA","Alcohol: binge","partner","second trimester","any",11028,16889,65,"Alcohol: binge (any)","11028/16889 (65%)","partner: second trimester"
"488","MOBA","Alcohol: binge","mother","third trimester","any",418,74314,1,"Alcohol: binge (any)","418/74314 (1%)","mother: third trimester"
"489","MOBA","Low SEP: education","mother","at study recruitment","any",2686,94035,3,"Low SEP: education (any)","2686/94035 (3%)","mother: at study recruitment"
"490","MOBA","Low SEP: education","partner","at study recruitment","any",4649,95606,5,"Low SEP: education (any)","4649/95606 (5%)","partner: at study recruitment"
"491","MOBA","Low SEP: occupation","mother","at study recruitment","any",-Inf,-Inf,NA,"Low SEP: occupation (any)","-Inf/-Inf (NaN%)","mother: at study recruitment"
"492","MOBA","Low SEP: occupation","partner","at study recruitment","any",-Inf,-Inf,NA,"Low SEP: occupation (any)","-Inf/-Inf (NaN%)","partner: at study recruitment"
"493","Total","Smoking: active","mother","early onset","any",534,63488,1,"Smoking: active (any)","534/63488 (1%)","mother: early onset"
"494","Total","Smoking: active","partner","early onset","any",300,15118,2,"Smoking: active (any)","300/15118 (2%)","partner: early onset"
"495","Total","Smoking: active","mother","ever in life","any",61339,191515,32,"Smoking: active (any)","61339/191515 (32%)","mother: ever in life"
"496","Total","Smoking: active","partner","ever in life","any",47806,150539,32,"Smoking: active (any)","47806/150539 (32%)","partner: ever in life"
"497","Total","Smoking: active","mother","ever in pregnancy","any",16519,141666,12,"Smoking: active (any)","16519/141666 (12%)","mother: ever in pregnancy"
"498","Total","Smoking: active","partner","ever in pregnancy","any",33989,161210,21,"Smoking: active (any)","33989/161210 (21%)","partner: ever in pregnancy"
"499","Total","Smoking: active","mother","first trimester","any",6584,41343,16,"Smoking: active (any)","6584/41343 (16%)","mother: first trimester"
"500","Total","Smoking: active","partner","first trimester","any",2624,12662,21,"Smoking: active (any)","2624/12662 (21%)","partner: first trimester"
"501","Total","Smoking: active","mother","first two postnatal years","any",16897,156413,11,"Smoking: active (any)","16897/156413 (11%)","mother: first two postnatal years"
"502","Total","Smoking: active","partner","first two postnatal years","any",21579,149930,14,"Smoking: active (any)","21579/149930 (14%)","partner: first two postnatal years"
"503","Total","Smoking: active","mother","preconception","any",36742,159830,23,"Smoking: active (any)","36742/159830 (23%)","mother: preconception"
"504","Total","Smoking: active","partner","preconception","any",37446,171220,22,"Smoking: active (any)","37446/171220 (22%)","partner: preconception"
"505","Total","Smoking: active","mother","second trimester","any",13821,139494,10,"Smoking: active (any)","13821/139494 (10%)","mother: second trimester"
"506","Total","Smoking: active","partner","second trimester","any",29345,158243,19,"Smoking: active (any)","29345/158243 (19%)","partner: second trimester"
"507","Total","Smoking: active","mother","third trimester","any",13406,154957,9,"Smoking: active (any)","13406/154957 (9%)","mother: third trimester"
"508","Total","Smoking: active","partner","third trimester","any",27049,158005,17,"Smoking: active (any)","27049/158005 (17%)","partner: third trimester"
"509","Total","Smoking: active","mother","first trimester","heavy",826,35625,2,"Smoking: active (heavy)","826/35625 (2%)","mother: first trimester"
"510","Total","Smoking: active","partner","first trimester","heavy",799,11024,7,"Smoking: active (heavy)","799/11024 (7%)","partner: first trimester"
"511","Total","Smoking: active","mother","first two postnatal years","heavy",1875,141989,1,"Smoking: active (heavy)","1875/141989 (1%)","mother: first two postnatal years"
"512","Total","Smoking: active","partner","first two postnatal years","heavy",4840,133599,4,"Smoking: active (heavy)","4840/133599 (4%)","partner: first two postnatal years"
"513","Total","Smoking: active","mother","preconception","heavy",5089,132939,4,"Smoking: active (heavy)","5089/132939 (4%)","mother: preconception"
"514","Total","Smoking: active","partner","preconception","heavy",5930,81135,7,"Smoking: active (heavy)","5930/81135 (7%)","partner: preconception"
"515","Total","Smoking: active","mother","second trimester","heavy",687,128330,1,"Smoking: active (heavy)","687/128330 (1%)","mother: second trimester"
"516","Total","Smoking: active","partner","second trimester","heavy",3557,73615,5,"Smoking: active (heavy)","3557/73615 (5%)","partner: second trimester"
"517","Total","Smoking: active","mother","third trimester","heavy",974,143900,1,"Smoking: active (heavy)","974/143900 (1%)","mother: third trimester"
"518","Total","Smoking: active","partner","third trimester","heavy",5314,138065,4,"Smoking: active (heavy)","5314/138065 (4%)","partner: third trimester"
"519","Total","Smoking: active","mother","first trimester","light",3667,38438,10,"Smoking: active (light)","3667/38438 (10%)","mother: first trimester"
"520","Total","Smoking: active","partner","first trimester","light",758,10969,7,"Smoking: active (light)","758/10969 (7%)","partner: first trimester"
"521","Total","Smoking: active","mother","first two postnatal years","light",7887,147796,5,"Smoking: active (light)","7887/147796 (5%)","mother: first two postnatal years"
"522","Total","Smoking: active","partner","first two postnatal years","light",6789,135519,5,"Smoking: active (light)","6789/135519 (5%)","partner: first two postnatal years"
"523","Total","Smoking: active","mother","preconception","light",18237,143825,13,"Smoking: active (light)","18237/143825 (13%)","mother: preconception"
"524","Total","Smoking: active","partner","preconception","light",12563,87098,14,"Smoking: active (light)","12563/87098 (14%)","partner: preconception"
"525","Total","Smoking: active","mother","second trimester","light",9616,136089,7,"Smoking: active (light)","9616/136089 (7%)","mother: second trimester"
"526","Total","Smoking: active","partner","second trimester","light",10805,80021,14,"Smoking: active (light)","10805/80021 (14%)","partner: second trimester"
"527","Total","Smoking: active","mother","third trimester","light",8466,150680,6,"Smoking: active (light)","8466/150680 (6%)","mother: third trimester"
"528","Total","Smoking: active","partner","third trimester","light",10242,142339,7,"Smoking: active (light)","10242/142339 (7%)","partner: third trimester"
"529","Total","Smoking: active","mother","first trimester","moderate",2091,36886,6,"Smoking: active (moderate)","2091/36886 (6%)","mother: first trimester"
"530","Total","Smoking: active","partner","first trimester","moderate",1067,11261,9,"Smoking: active (moderate)","1067/11261 (9%)","partner: first trimester"
"531","Total","Smoking: active","mother","first two postnatal years","moderate",7135,147068,5,"Smoking: active (moderate)","7135/147068 (5%)","mother: first two postnatal years"
"532","Total","Smoking: active","partner","first two postnatal years","moderate",9950,138634,7,"Smoking: active (moderate)","9950/138634 (7%)","partner: first two postnatal years"
"533","Total","Smoking: active","mother","preconception","moderate",12498,139056,9,"Smoking: active (moderate)","12498/139056 (9%)","mother: preconception"
"534","Total","Smoking: active","partner","preconception","moderate",10112,84822,12,"Smoking: active (moderate)","10112/84822 (12%)","partner: preconception"
"535","Total","Smoking: active","mother","second trimester","moderate",3395,131588,3,"Smoking: active (moderate)","3395/131588 (3%)","mother: second trimester"
"536","Total","Smoking: active","partner","second trimester","moderate",7766,77309,10,"Smoking: active (moderate)","7766/77309 (10%)","partner: second trimester"
"537","Total","Smoking: active","mother","third trimester","moderate",3859,147472,3,"Smoking: active (moderate)","3859/147472 (3%)","mother: third trimester"
"538","Total","Smoking: active","partner","third trimester","moderate",10989,143407,8,"Smoking: active (moderate)","10989/143407 (8%)","partner: third trimester"
"539","Total","Alcohol: any","mother","ever in pregnancy","any",39165,162086,24,"Alcohol: any (any)","39165/162086 (24%)","mother: ever in pregnancy"
"540","Total","Alcohol: any","partner","ever in pregnancy","any",81190,172635,47,"Alcohol: any (any)","81190/172635 (47%)","partner: ever in pregnancy"
"541","Total","Alcohol: any","mother","first trimester","any",30667,142683,21,"Alcohol: any (any)","30667/142683 (21%)","mother: first trimester"
"542","Total","Alcohol: any","mother","first two postnatal years","any",91679,232139,39,"Alcohol: any (any)","91679/232139 (39%)","mother: first two postnatal years"
"543","Total","Alcohol: any","partner","first two postnatal years","any",14748,37773,39,"Alcohol: any (any)","14748/37773 (39%)","partner: first two postnatal years"
"544","Total","Alcohol: any","mother","preconception","any",104286,225786,46,"Alcohol: any (any)","104286/225786 (46%)","mother: preconception"
"545","Total","Alcohol: any","partner","preconception","any",79350,167752,47,"Alcohol: any (any)","79350/167752 (47%)","partner: preconception"
"546","Total","Alcohol: any","mother","second trimester","any",15369,125438,12,"Alcohol: any (any)","15369/125438 (12%)","mother: second trimester"
"547","Total","Alcohol: any","partner","second trimester","any",77143,164924,47,"Alcohol: any (any)","77143/164924 (47%)","partner: second trimester"
"548","Total","Alcohol: any","mother","third trimester","any",15283,125133,12,"Alcohol: any (any)","15283/125133 (12%)","mother: third trimester"
"549","Total","Alcohol: any","partner","third trimester","any",8582,20295,42,"Alcohol: any (any)","8582/20295 (42%)","partner: third trimester"
"550","Total","Alcohol: any","mother","first trimester","heavy",334,114945,0,"Alcohol: any (heavy)","334/114945 (0%)","mother: first trimester"
"551","Total","Alcohol: any","mother","first two postnatal years","heavy",1618,143577,1,"Alcohol: any (heavy)","1618/143577 (1%)","mother: first two postnatal years"
"552","Total","Alcohol: any","partner","first two postnatal years","heavy",2800,26517,11,"Alcohol: any (heavy)","2800/26517 (11%)","partner: first two postnatal years"
"553","Total","Alcohol: any","mother","preconception","heavy",1917,130846,1,"Alcohol: any (heavy)","1917/130846 (1%)","mother: preconception"
"554","Total","Alcohol: any","partner","preconception","heavy",2438,98381,2,"Alcohol: any (heavy)","2438/98381 (2%)","partner: preconception"
"555","Total","Alcohol: any","mother","second trimester","heavy",152,17994,1,"Alcohol: any (heavy)","152/17994 (1%)","mother: second trimester"
"556","Total","Alcohol: any","partner","second trimester","heavy",2014,97059,2,"Alcohol: any (heavy)","2014/97059 (2%)","partner: second trimester"
"557","Total","Alcohol: any","mother","third trimester","heavy",195,17619,1,"Alcohol: any (heavy)","195/17619 (1%)","mother: third trimester"
"558","Total","Alcohol: any","partner","third trimester","heavy",1789,14043,13,"Alcohol: any (heavy)","1789/14043 (13%)","partner: third trimester"
"559","Total","Alcohol: any","mother","first trimester","light",26669,140087,19,"Alcohol: any (light)","26669/140087 (19%)","mother: first trimester"
"560","Total","Alcohol: any","mother","first two postnatal years","light",75881,216838,35,"Alcohol: any (light)","75881/216838 (35%)","mother: first two postnatal years"
"561","Total","Alcohol: any","partner","first two postnatal years","light",3759,27330,14,"Alcohol: any (light)","3759/27330 (14%)","partner: first two postnatal years"
"562","Total","Alcohol: any","mother","preconception","light",84617,205050,41,"Alcohol: any (light)","84617/205050 (41%)","mother: preconception"
"563","Total","Alcohol: any","partner","preconception","light",59164,148962,40,"Alcohol: any (light)","59164/148962 (40%)","partner: preconception"
"564","Total","Alcohol: any","mother","second trimester","light",12427,123448,10,"Alcohol: any (light)","12427/123448 (10%)","mother: second trimester"
"565","Total","Alcohol: any","partner","second trimester","light",61107,149876,41,"Alcohol: any (light)","61107/149876 (41%)","partner: second trimester"
"566","Total","Alcohol: any","mother","third trimester","light",12222,122987,10,"Alcohol: any (light)","12222/122987 (10%)","mother: third trimester"
"567","Total","Alcohol: any","partner","third trimester","light",2320,14666,16,"Alcohol: any (light)","2320/14666 (16%)","partner: third trimester"
"568","Total","Alcohol: any","mother","first trimester","moderate",2541,117097,2,"Alcohol: any (moderate)","2541/117097 (2%)","mother: first trimester"
"569","Total","Alcohol: any","mother","first two postnatal years","moderate",14180,155702,9,"Alcohol: any (moderate)","14180/155702 (9%)","mother: first two postnatal years"
"570","Total","Alcohol: any","partner","first two postnatal years","moderate",8189,31508,26,"Alcohol: any (moderate)","8189/31508 (26%)","partner: first two postnatal years"
"571","Total","Alcohol: any","mother","preconception","moderate",16094,143367,11,"Alcohol: any (moderate)","16094/143367 (11%)","mother: preconception"
"572","Total","Alcohol: any","partner","preconception","moderate",17748,112409,16,"Alcohol: any (moderate)","17748/112409 (16%)","partner: preconception"
"573","Total","Alcohol: any","mother","second trimester","moderate",1723,113164,2,"Alcohol: any (moderate)","1723/113164 (2%)","mother: second trimester"
"574","Total","Alcohol: any","partner","second trimester","moderate",14022,108149,13,"Alcohol: any (moderate)","14022/108149 (13%)","partner: second trimester"
"575","Total","Alcohol: any","mother","third trimester","moderate",1800,112971,2,"Alcohol: any (moderate)","1800/112971 (2%)","mother: third trimester"
"576","Total","Alcohol: any","partner","third trimester","moderate",4429,16284,27,"Alcohol: any (moderate)","4429/16284 (27%)","partner: third trimester"
"577","Total","Caffeine: any source","mother","ever in pregnancy","any",93225,209225,45,"Caffeine: any source (any)","93225/209225 (45%)","mother: ever in pregnancy"
"578","Total","Caffeine: any source","partner","ever in pregnancy","any",40671,87231,47,"Caffeine: any source (any)","40671/87231 (47%)","partner: ever in pregnancy"
"579","Total","Caffeine: any source","mother","first trimester","any",3197,8860,36,"Caffeine: any source (any)","3197/8860 (36%)","mother: first trimester"
"580","Total","Caffeine: any source","mother","first two postnatal years","any",7303,19992,37,"Caffeine: any source (any)","7303/19992 (37%)","mother: first two postnatal years"
"581","Total","Caffeine: any source","mother","preconception","any",85577,183797,47,"Caffeine: any source (any)","85577/183797 (47%)","mother: preconception"
"582","Total","Caffeine: any source","mother","second trimester","any",84975,193891,44,"Caffeine: any source (any)","84975/193891 (44%)","mother: second trimester"
"583","Total","Caffeine: any source","partner","second trimester","any",40671,87231,47,"Caffeine: any source (any)","40671/87231 (47%)","partner: second trimester"
"584","Total","Caffeine: any source","mother","third trimester","any",18347,39652,46,"Caffeine: any source (any)","18347/39652 (46%)","mother: third trimester"
"585","Total","Caffeine: any source","mother","first trimester","heavy",92,5765,2,"Caffeine: any source (heavy)","92/5765 (2%)","mother: first trimester"
"586","Total","Caffeine: any source","mother","first two postnatal years","heavy",310,12999,2,"Caffeine: any source (heavy)","310/12999 (2%)","mother: first two postnatal years"
"587","Total","Caffeine: any source","mother","preconception","heavy",6456,107143,6,"Caffeine: any source (heavy)","6456/107143 (6%)","mother: preconception"
"588","Total","Caffeine: any source","mother","second trimester","heavy",1174,118499,1,"Caffeine: any source (heavy)","1174/118499 (1%)","mother: second trimester"
"589","Total","Caffeine: any source","partner","second trimester","heavy",1367,51862,3,"Caffeine: any source (heavy)","1367/51862 (3%)","partner: second trimester"
"590","Total","Caffeine: any source","mother","third trimester","heavy",690,22242,3,"Caffeine: any source (heavy)","690/22242 (3%)","mother: third trimester"
"591","Total","Caffeine: any source","mother","first trimester","light",2384,8056,30,"Caffeine: any source (light)","2384/8056 (30%)","mother: first trimester"
"592","Total","Caffeine: any source","mother","first two postnatal years","light",4951,17640,28,"Caffeine: any source (light)","4951/17640 (28%)","mother: first two postnatal years"
"593","Total","Caffeine: any source","mother","preconception","light",54443,152802,36,"Caffeine: any source (light)","54443/152802 (36%)","mother: preconception"
"594","Total","Caffeine: any source","mother","second trimester","light",74337,184349,40,"Caffeine: any source (light)","74337/184349 (40%)","mother: second trimester"
"595","Total","Caffeine: any source","partner","second trimester","light",25096,73074,34,"Caffeine: any source (light)","25096/73074 (34%)","partner: second trimester"
"596","Total","Caffeine: any source","mother","third trimester","light",13823,35187,39,"Caffeine: any source (light)","13823/35187 (39%)","mother: third trimester"
"597","Total","Caffeine: any source","mother","first trimester","moderate",721,6395,11,"Caffeine: any source (moderate)","721/6395 (11%)","mother: first trimester"
"598","Total","Caffeine: any source","mother","first two postnatal years","moderate",2042,14731,14,"Caffeine: any source (moderate)","2042/14731 (14%)","mother: first two postnatal years"
"599","Total","Caffeine: any source","mother","preconception","moderate",24678,123357,20,"Caffeine: any source (moderate)","24678/123357 (20%)","mother: preconception"
"600","Total","Caffeine: any source","mother","second trimester","moderate",9464,126025,8,"Caffeine: any source (moderate)","9464/126025 (8%)","mother: second trimester"
"601","Total","Caffeine: any source","partner","second trimester","moderate",14208,63461,22,"Caffeine: any source (moderate)","14208/63461 (22%)","partner: second trimester"
"602","Total","Caffeine: any source","mother","third trimester","moderate",3834,25339,15,"Caffeine: any source (moderate)","3834/25339 (15%)","mother: third trimester"
"603","Total","Smoking: passive","mother","ever in pregnancy","any",15844,136811,12,"Smoking: passive (any)","15844/136811 (12%)","mother: ever in pregnancy"
"604","Total","Alcohol: binge","mother","ever in pregnancy","any",14497,116641,12,"Alcohol: binge (any)","14497/116641 (12%)","mother: ever in pregnancy"
"605","Total","Alcohol: binge","partner","ever in pregnancy","any",18248,49587,37,"Alcohol: binge (any)","18248/49587 (37%)","partner: ever in pregnancy"
"606","Total","Alcohol: binge","mother","first trimester","any",13500,121866,11,"Alcohol: binge (any)","13500/121866 (11%)","mother: first trimester"
"607","Total","Alcohol: binge","mother","preconception","any",54400,154284,35,"Alcohol: binge (any)","54400/154284 (35%)","mother: preconception"
"608","Total","Alcohol: binge","partner","preconception","any",15053,35496,42,"Alcohol: binge (any)","15053/35496 (42%)","partner: preconception"
"609","Total","Alcohol: binge","mother","second trimester","any",805,88643,1,"Alcohol: binge (any)","805/88643 (1%)","mother: second trimester"
"610","Total","Alcohol: binge","partner","second trimester","any",11028,29619,37,"Alcohol: binge (any)","11028/29619 (37%)","partner: second trimester"
"611","Total","Alcohol: binge","mother","third trimester","any",2214,102972,2,"Alcohol: binge (any)","2214/102972 (2%)","mother: third trimester"
"612","Total","Low SEP: education","mother","at study recruitment","any",10121,144167,7,"Low SEP: education (any)","10121/144167 (7%)","mother: at study recruitment"
"613","Total","Low SEP: education","partner","at study recruitment","any",9383,142289,7,"Low SEP: education (any)","9383/142289 (7%)","partner: at study recruitment"
"614","Total","Low SEP: occupation","mother","at study recruitment","any",2533,23729,11,"Low SEP: occupation (any)","2533/23729 (11%)","mother: at study recruitment"
"615","Total","Low SEP: occupation","partner","at study recruitment","any",3673,28572,13,"Low SEP: occupation (any)","3673/28572 (13%)","partner: at study recruitment"
